"age","sex","householdIncome","milesDrive","kidsAtHome","commuteCar","drivingEnthuse","musicEnthuse","subscribeToMusic","Segment"
61,"Male",67352.5648123112,12074.9508321349,4,1,4,2,"subNo","CommuteNews"
45,"Male",83628.068995833,12117.1010359804,0,1,6,4,"subNo","CommuteNews"
57,"Male",81981.2980591333,10159.3682130235,2,1,5,2,"subNo","CommuteNews"
51,"Male",59355.1247977632,11111.6515045042,3,1,5,3,"subYes","CommuteNews"
55,"Male",79742.7524230279,10576.5913602884,0,1,5,2,"subNo","CommuteNews"
57,"Female",80856.3373954159,12329.5615355105,2,1,5,2,"subNo","CommuteNews"
52,"Male",87684.1871003995,13553.9542158791,2,1,5,2,"subNo","CommuteNews"
42,"Female",100731.451220453,14291.0285170228,1,1,6,4,"subNo","CommuteNews"
58,"Female",87945.9719700035,9354.89329909527,0,1,5,2,"subNo","CommuteNews"
49,"Male",77821.4406011544,15979.0634336564,1,1,5,3,"subNo","CommuteNews"
62,"Male",75827.0696583483,11440.6097332029,2,1,4,3,"subNo","CommuteNews"
52,"Male",75685.1041362772,13241.7070050089,3,1,5,3,"subNo","CommuteNews"
47,"Female",70204.8760288201,9845.4799462583,3,1,5,3,"subNo","CommuteNews"
57,"Male",97236.8015811987,16681.096508412,0,1,5,2,"subNo","CommuteNews"
53,"Male",87777.7804420999,13503.2910349784,0,1,5,4,"subNo","CommuteNews"
56,"Female",86703.6973958118,13529.0317945623,0,1,5,3,"subNo","CommuteNews"
56,"Male",83182.636284731,13168.9471325823,2,1,4,3,"subNo","CommuteNews"
58,"Female",81485.3167894371,10692.7504710923,2,1,5,4,"subNo","CommuteNews"
52,"Female",94025.90078564,10786.3300303234,4,1,5,3,"subNo","CommuteNews"
46,"Female",95766.9177482366,13146.9730583346,3,1,5,4,"subNo","CommuteNews"
62,"Female",89327.8517542891,7611.9318449186,4,1,5,2,"subNo","CommuteNews"
51,"Male",110769.021883414,14298.1676447649,2,1,6,3,"subNo","CommuteNews"
44,"Male",101709.047777374,14008.8606638909,3,1,6,5,"subNo","CommuteNews"
52,"Male",77672.8048954155,11851.0897280527,5,1,4,2,"subNo","CommuteNews"
47,"Male",81438.3589511652,12892.5191344609,0,1,5,5,"subNo","CommuteNews"
54,"Male",81591.1291169854,11658.148713779,3,1,4,2,"subNo","CommuteNews"
41,"Female",91568.8216777363,11429.3338952611,6,1,6,5,"subNo","CommuteNews"
59,"Female",74792.5060821096,12554.081710632,2,1,4,1,"subNo","CommuteNews"
49,"Female",79913.3553586624,9107.79725788219,2,1,4,4,"subNo","CommuteNews"
54,"Female",85260.4052154991,12132.9004541405,3,1,5,3,"subNo","CommuteNews"
68,"Male",77754.8312775201,15176.9211593161,1,1,5,2,"subNo","CommuteNews"
57,"Male",80448.7751458099,10811.045702754,0,1,4,3,"subNo","CommuteNews"
51,"Female",99152.5853198805,10177.8816918939,1,1,4,5,"subNo","CommuteNews"
51,"Female",76097.3091929469,16296.8358660737,3,1,4,2,"subNo","CommuteNews"
59,"Male",70859.7736359423,13321.1999614618,1,1,5,2,"subNo","CommuteNews"
48,"Male",74137.2714375305,14339.1389878497,1,1,5,3,"subNo","CommuteNews"
58,"Male",72207.0898616028,13046.9653024393,1,1,5,2,"subNo","CommuteNews"
57,"Male",79215.4428693732,12883.4998605863,0,1,5,3,"subNo","CommuteNews"
47,"Female",73492.2271857303,11997.3350951995,1,1,5,2,"subNo","CommuteNews"
55,"Male",95300.2838341395,14404.5129349849,2,1,4,4,"subNo","CommuteNews"
59,"Male",106660.337767576,10989.3575215554,3,1,6,2,"subNo","CommuteNews"
44,"Female",56407.8365404818,13930.8524982114,1,1,5,2,"subNo","CommuteNews"
55,"Male",95512.7656531435,10709.6926938753,3,1,3,3,"subNo","CommuteNews"
57,"Female",83415.9455566908,12857.4520134361,0,1,5,3,"subNo","CommuteNews"
60,"Male",96139.4451712858,15791.1588395424,0,1,4,3,"subNo","CommuteNews"
48,"Male",68040.1149898273,13419.6749788804,5,1,5,3,"subNo","CommuteNews"
53,"Female",91421.8098706242,7774.40504554944,2,1,5,3,"subYes","CommuteNews"
54,"Male",89918.5203068873,15048.7186638587,2,1,4,2,"subNo","CommuteNews"
61,"Male",84170.2020188569,16495.6857402418,1,1,4,4,"subNo","CommuteNews"
55,"Female",69975.1674387331,16239.7609268245,1,1,3,2,"subNo","CommuteNews"
51,"Male",92361.9412118828,11335.1391521635,3,1,4,4,"subYes","CommuteNews"
54,"Female",74623.7325528595,14547.1300676316,1,1,6,3,"subNo","CommuteNews"
48,"Female",98017.2515264106,8746.09966962925,1,1,5,3,"subNo","CommuteNews"
57,"Female",87235.9104875244,10610.5914817188,1,1,5,2,"subNo","CommuteNews"
56,"Female",95509.3808443516,11065.8275643818,3,1,4,2,"subNo","CommuteNews"
59,"Male",85356.891276332,13506.5866455483,1,1,4,3,"subNo","CommuteNews"
51,"Male",79217.7724958081,10956.1103831527,4,1,6,4,"subNo","CommuteNews"
48,"Female",90860.9585934465,11319.7001880582,1,1,4,2,"subNo","CommuteNews"
49,"Male",82794.8178328638,12394.9474948087,0,1,5,2,"subNo","CommuteNews"
55,"Male",79166.1041454906,14154.4766303447,3,1,5,2,"subNo","CommuteNews"
54,"Female",74304.83526839,12631.5278298848,2,1,5,3,"subNo","CommuteNews"
63,"Female",90586.2454352256,13489.4036019185,0,1,5,1,"subNo","CommuteNews"
56,"Male",76533.0092419383,10149.3611836845,1,1,4,3,"subNo","CommuteNews"
50,"Male",88445.7222241267,12958.8823530516,2,1,4,2,"subNo","CommuteNews"
60,"Male",98763.7947539775,14036.347267976,3,1,4,3,"subNo","CommuteNews"
54,"Female",90919.9657236253,10904.8054732442,0,1,4,2,"subNo","CommuteNews"
53,"Female",90568.8319671096,13056.0702487187,3,1,5,3,"subNo","CommuteNews"
47,"Female",74787.3141788922,11199.5459006359,2,1,4,3,"subNo","CommuteNews"
46,"Male",94472.2689409163,16828.4595129407,2,1,5,4,"subNo","CommuteNews"
57,"Male",73216.6737295932,13476.8581394515,2,1,4,3,"subNo","CommuteNews"
50,"Male",90663.0628255815,8969.87348560208,1,1,6,2,"subNo","CommuteNews"
54,"Male",89475.9024490492,12913.0935815508,4,1,5,4,"subYes","CommuteNews"
63,"Male",94615.0512213107,13550.6026941919,1,1,6,3,"subNo","CommuteNews"
56,"Male",94753.0586824569,13768.4977559525,1,1,6,4,"subNo","CommuteNews"
47,"Female",67253.0744253758,13114.1438597383,2,1,4,3,"subNo","CommuteNews"
47,"Female",81980.4946009452,12757.7494239667,1,1,5,3,"subNo","CommuteNews"
58,"Male",71703.5449217408,12070.8474317771,4,1,5,2,"subNo","CommuteNews"
53,"Male",82705.0414591742,15074.8958000834,2,1,5,3,"subNo","CommuteNews"
56,"Female",78037.9249821507,10316.2144164428,1,1,6,3,"subNo","CommuteNews"
54,"Male",79978.8134108087,12040.80857572,2,1,5,3,"subNo","CommuteNews"
62,"Male",56386.4061074242,11194.7347753563,0,1,4,2,"subNo","CommuteNews"
52,"Female",87077.7074722663,12793.1340871294,2,1,5,2,"subNo","CommuteNews"
57,"Male",86654.5711133126,10898.7447210059,2,1,4,3,"subNo","CommuteNews"
48,"Male",55595.8770407311,14849.6692418174,4,1,4,3,"subNo","CommuteNews"
50,"Male",90538.6974227763,12823.6712344955,2,1,4,4,"subNo","CommuteNews"
50,"Male",120507.896910485,17515.7987941019,1,1,5,4,"subNo","CommuteNews"
59,"Male",101641.103766541,13282.5794554601,2,1,5,3,"subNo","CommuteNews"
58,"Female",76238.3221771129,10785.0974252391,2,1,5,3,"subNo","CommuteNews"
56,"Female",97053.1906206301,16465.9417989159,0,1,5,1,"subNo","CommuteNews"
54,"Male",79238.0377937813,11055.0672796338,2,1,3,4,"subNo","CommuteNews"
59,"Female",90878.1012976017,12002.3194252394,4,1,4,3,"subNo","CommuteNews"
62,"Male",80290.1341080057,13487.7934493269,5,1,6,3,"subNo","CommuteNews"
54,"Male",86629.4417060264,10488.4362428571,2,1,5,3,"subYes","CommuteNews"
55,"Male",101034.688568224,13765.5723906068,2,1,5,3,"subNo","CommuteNews"
59,"Female",91381.6247146277,14288.4981240702,3,1,5,3,"subNo","CommuteNews"
55,"Male",90314.5537922161,11389.1846552313,2,1,5,2,"subNo","CommuteNews"
51,"Male",71335.2283739649,8914.43989352736,1,1,6,4,"subNo","CommuteNews"
50,"Female",93726.2977212349,15283.6083905625,4,1,5,3,"subNo","CommuteNews"
60,"Female",97446.7807079484,14836.7306603886,0,1,5,2,"subNo","CommuteNews"
57,"Male",90519.3542866003,13172.9341450753,3,1,6,2,"subNo","CommuteNews"
59,"Male",95255.0696723726,13371.6419292448,0,1,4,2,"subNo","CommuteNews"
56,"Female",71584.3479500594,12464.2883726909,2,1,5,3,"subNo","CommuteNews"
54,"Female",67560.5816223974,13044.7538523494,1,1,5,3,"subNo","CommuteNews"
62,"Male",80409.8238090335,11852.3947807771,2,1,4,2,"subNo","CommuteNews"
54,"Male",84143.0110586943,10628.0643969771,1,1,5,3,"subYes","CommuteNews"
59,"Male",98661.2117225979,15538.2038399959,0,1,4,2,"subNo","CommuteNews"
50,"Male",75077.1306152927,13517.2887908178,2,1,5,3,"subNo","CommuteNews"
67,"Female",87148.2261904329,7852.39758320999,3,1,5,3,"subNo","CommuteNews"
51,"Male",76848.399349607,11577.1988898155,2,1,4,3,"subNo","CommuteNews"
52,"Male",83579.989349696,12536.3771901318,0,1,4,3,"subNo","CommuteNews"
53,"Female",92383.2680616747,13180.8351571642,3,1,4,3,"subNo","CommuteNews"
58,"Female",90624.8367811161,12553.9700944774,2,1,5,3,"subNo","CommuteNews"
51,"Male",74466.6918307781,14359.4549095109,3,1,5,1,"subYes","CommuteNews"
70,"Male",67649.8287210524,10020.6163456956,2,1,4,3,"subNo","CommuteNews"
49,"Female",89565.3724944767,11484.3833095976,0,1,6,2,"subNo","CommuteNews"
57,"Male",85909.9478730891,9309.17279496733,3,1,6,2,"subNo","CommuteNews"
55,"Male",91563.1319911232,11511.7269864027,2,1,5,3,"subNo","CommuteNews"
50,"Male",78637.0788318743,12153.9913693494,1,1,6,4,"subNo","CommuteNews"
60,"Male",83528.048270743,14917.3363340299,1,1,5,4,"subNo","CommuteNews"
50,"Female",69351.1138431938,14901.0642336278,1,1,5,4,"subNo","CommuteNews"
57,"Female",85149.8933201845,13782.0452767854,4,1,4,3,"subNo","CommuteNews"
57,"Male",108749.370020047,11509.5999607822,3,1,5,2,"subNo","CommuteNews"
56,"Male",60979.3988455611,9415.08832784832,3,1,4,3,"subNo","CommuteNews"
47,"Male",70441.7576397897,8711.02517107747,1,1,5,2,"subNo","CommuteNews"
45,"Female",99266.1247648007,6329.57995293754,2,1,5,3,"subNo","CommuteNews"
51,"Female",81713.7577983031,13539.509488284,4,1,5,2,"subNo","CommuteNews"
49,"Male",83690.6462210631,11608.3368557706,2,1,5,3,"subNo","CommuteNews"
53,"Female",104065.148461851,13068.5486235233,1,1,5,3,"subNo","CommuteNews"
59,"Female",99191.6383631777,11769.711663476,0,1,5,3,"subNo","CommuteNews"
55,"Female",90762.6316669376,12662.8794481268,1,1,5,2,"subNo","CommuteNews"
53,"Male",70815.5885347073,13668.6851869012,1,1,4,4,"subNo","CommuteNews"
48,"Female",74992.0055842499,13650.4997753618,2,1,6,3,"subNo","CommuteNews"
57,"Male",81472.9783661749,9256.22205966741,1,1,5,5,"subNo","CommuteNews"
48,"Female",73279.5588625989,13166.4130921684,3,1,4,2,"subNo","CommuteNews"
52,"Male",86863.6607378941,12530.4905197037,3,1,4,4,"subNo","CommuteNews"
52,"Female",68792.7843971716,8219.51627691531,2,1,5,3,"subNo","CommuteNews"
51,"Female",76703.7836259204,11092.2433144718,1,1,5,3,"subNo","CommuteNews"
56,"Female",87547.5276250261,14202.2007996606,3,1,5,2,"subNo","CommuteNews"
55,"Female",83301.8673282855,11344.3665975082,5,1,3,3,"subNo","CommuteNews"
60,"Male",100872.763029498,9554.20286791628,3,1,5,3,"subYes","CommuteNews"
52,"Female",83286.8266168191,13991.5734097057,2,1,5,3,"subYes","CommuteNews"
50,"Male",88656.0837194964,12893.4727006541,2,1,5,2,"subNo","CommuteNews"
54,"Female",102464.618360793,13551.8317699972,1,1,5,2,"subNo","CommuteNews"
52,"Male",76932.0831192421,8758.8451583087,0,1,5,4,"subNo","CommuteNews"
54,"Male",83260.3542445488,16204.5577777327,2,1,4,3,"subNo","CommuteNews"
54,"Male",89427.7806366522,10332.6190161691,1,1,5,3,"subYes","CommuteNews"
58,"Female",97613.3392837363,12154.6747232573,2,1,5,3,"subNo","CommuteNews"
54,"Male",80540.2570208098,15864.1928145136,0,1,6,3,"subNo","CommuteNews"
52,"Male",69176.0285225364,12271.9048511024,2,1,5,4,"subNo","CommuteNews"
57,"Male",81974.9616307224,12083.3994607272,0,1,6,3,"subYes","CommuteNews"
52,"Male",81663.6880167649,14269.4982732141,6,1,5,3,"subNo","CommuteNews"
46,"Male",80140.7764073753,12225.6203689277,1,1,5,3,"subNo","CommuteNews"
49,"Female",68442.1229760438,13728.4100719064,0,1,5,4,"subNo","CommuteNews"
65,"Male",73672.1375429158,15346.6467892871,3,1,6,4,"subNo","CommuteNews"
64,"Male",79086.2271143753,13938.5046202807,7,1,6,2,"subNo","CommuteNews"
55,"Male",81298.7856778357,12478.2837629924,2,1,4,3,"subNo","CommuteNews"
39,"Male",86809.0449309996,11715.7739738388,2,1,5,3,"subNo","CommuteNews"
51,"Male",86456.338743789,8016.86971512721,2,1,5,4,"subNo","CommuteNews"
51,"Male",65275.5503733815,12246.4292029237,2,1,6,4,"subNo","CommuteNews"
53,"Male",102550.817437607,13357.2631189381,3,1,6,3,"subNo","CommuteNews"
51,"Male",80983.7674872024,15188.5225363131,2,1,4,3,"subNo","CommuteNews"
58,"Male",83962.6868748492,10998.2432250925,1,1,6,4,"subNo","CommuteNews"
60,"Male",84155.583617099,12561.9385533041,1,1,6,3,"subNo","CommuteNews"
55,"Male",89117.4964935923,13556.1700787261,2,1,5,3,"subNo","CommuteNews"
51,"Female",94506.5223408673,14807.2830814117,1,1,5,4,"subNo","CommuteNews"
55,"Female",89195.3533086359,11658.2031462256,2,1,6,3,"subNo","CommuteNews"
53,"Female",80644.8127803561,13464.523280926,2,1,5,1,"subNo","CommuteNews"
48,"Male",101321.656778745,12845.5706094425,1,1,5,3,"subNo","CommuteNews"
58,"Male",74819.9790961125,14295.9794278698,3,1,5,2,"subNo","CommuteNews"
53,"Male",90860.696439378,11933.1060618653,0,1,4,3,"subNo","CommuteNews"
45,"Male",60197.4842912701,12873.6635835086,2,1,4,3,"subNo","Quiet"
42,"Female",71776.3424569388,19697.8396987668,0,1,4,2,"subNo","Quiet"
44,"Male",66384.3526027996,16366.3500925621,0,1,4,3,"subYes","Quiet"
42,"Female",59418.0664980047,20333.2016239485,0,1,4,2,"subNo","Quiet"
44,"Male",64803.6560019582,14539.0712186114,0,1,4,3,"subNo","Quiet"
44,"Male",61518.7723141951,17024.9357782807,2,1,4,3,"subNo","Quiet"
45,"Female",64976.7511271527,17514.7734398137,0,1,4,2,"subNo","Quiet"
39,"Female",61629.684986858,13876.1982653351,2,1,4,2,"subNo","Quiet"
42,"Female",65893.3208589807,15324.1069011266,0,1,4,1,"subNo","Quiet"
43,"Female",69196.9835576045,16601.8764346429,0,1,4,3,"subNo","Quiet"
42,"Female",70495.4097068714,12496.6801129929,0,1,6,2,"subNo","Quiet"
43,"Male",63289.5800758006,14438.4072360973,2,1,5,1,"subNo","Quiet"
41,"Female",63082.8777845008,11624.2068836736,1,1,5,1,"subNo","Quiet"
43,"Female",58375.375527328,16066.8887909344,0,1,5,1,"subNo","Quiet"
39,"Female",64566.5882361199,13240.4865757711,0,1,5,1,"subNo","Quiet"
41,"Female",62466.8967062641,16301.1774534018,0,1,4,2,"subNo","Quiet"
44,"Male",59370.897012395,18273.6928869119,1,1,4,2,"subNo","Quiet"
45,"Female",60089.9145715593,13148.0821658529,0,1,5,1,"subNo","Quiet"
41,"Male",68431.9154731624,12612.554833896,3,1,5,1,"subNo","Quiet"
38,"Male",58366.2767860749,15232.8984029852,0,1,5,4,"subNo","Quiet"
40,"Male",64974.8291480769,12122.736568335,0,1,4,2,"subNo","Quiet"
42,"Female",61447.7971092755,15354.4890822962,1,1,4,3,"subNo","Quiet"
39,"Female",72543.9373419567,15610.4380473131,0,1,4,1,"subNo","Quiet"
43,"Female",62961.0309890883,15038.2921236491,1,1,5,3,"subNo","Quiet"
39,"Female",68352.3173924512,20488.9839119075,1,1,3,2,"subNo","Quiet"
42,"Male",60233.5057201615,14257.4825318215,2,1,4,2,"subNo","Quiet"
42,"Female",64346.1199523566,16708.6960722807,1,1,5,4,"subNo","Quiet"
42,"Male",59443.9566195342,13406.5123317538,2,1,4,2,"subNo","Quiet"
41,"Male",60637.9557031753,13234.5746726486,1,1,3,1,"subNo","Quiet"
43,"Female",68010.9509473472,12025.8400607415,2,1,5,2,"subNo","Quiet"
43,"Female",64821.2307154645,16142.5191513054,2,1,4,3,"subNo","Quiet"
40,"Female",63458.1807801671,13883.6690316182,1,1,5,2,"subNo","Quiet"
44,"Female",59869.6367347254,19213.7977251068,3,1,4,2,"subNo","Quiet"
46,"Male",72571.9371341475,14511.3312418437,3,1,4,2,"subYes","Quiet"
39,"Female",69262.8691123843,16625.205486433,2,1,4,2,"subNo","Quiet"
45,"Male",61723.3677349171,15821.0860877593,0,1,3,2,"subNo","Quiet"
43,"Female",65951.3136020066,14204.6129823029,0,1,4,2,"subNo","Quiet"
42,"Female",57245.2091819256,14179.531941721,0,1,5,2,"subNo","Quiet"
42,"Male",50760.705659274,19183.4568610711,0,1,6,3,"subNo","Quiet"
40,"Female",66042.1942971185,14410.7511434327,1,1,5,2,"subNo","Quiet"
46,"Female",68803.4498954601,17636.6558737824,1,1,4,2,"subNo","Quiet"
39,"Male",63409.6650097822,13434.7601763629,0,1,3,4,"subNo","Quiet"
39,"Male",63939.064270933,15256.2061921638,0,0,5,1,"subNo","Quiet"
41,"Female",65441.6213206436,13305.6081577037,3,1,4,4,"subNo","Quiet"
41,"Female",64846.5636066613,14956.5909697414,1,0,4,1,"subNo","Quiet"
39,"Female",62455.7889851618,15749.4578652153,1,1,4,2,"subNo","Quiet"
44,"Male",69986.3807430124,14760.9482309954,1,1,3,3,"subNo","Quiet"
42,"Female",58410.8463408184,14401.8178671776,0,1,4,3,"subNo","Quiet"
47,"Female",73103.3080436757,12555.752016563,0,1,5,1,"subNo","Quiet"
42,"Female",68998.7336150175,17538.2418034267,0,1,4,2,"subNo","Quiet"
40,"Male",63015.5354797893,12652.4374707944,0,0,4,2,"subNo","Quiet"
45,"Male",66963.1493866886,15720.8749478424,1,1,5,2,"subNo","Quiet"
41,"Male",66025.0356373948,13774.0529789796,1,1,4,1,"subNo","Quiet"
39,"Female",59249.9062379631,14177.1080652625,0,0,4,1,"subNo","Quiet"
43,"Female",59334.3545077759,14071.7472088729,0,1,3,3,"subNo","Quiet"
40,"Female",64194.3821556529,15343.1433367639,2,0,4,3,"subNo","Quiet"
46,"Male",64031.0049811518,15738.2753634698,1,0,5,3,"subNo","Quiet"
44,"Female",64938.5000666055,16144.6621568409,2,1,2,2,"subYes","Quiet"
43,"Female",70011.5287498325,13109.954326129,1,1,4,2,"subNo","Quiet"
41,"Male",63122.9043162167,13479.1102798179,2,1,3,2,"subNo","Quiet"
43,"Male",73054.2522187468,10837.6603758355,1,1,5,2,"subNo","Quiet"
43,"Female",61780.4521427928,14143.6204415117,1,1,5,1,"subNo","Quiet"
42,"Male",65534.5619954386,12961.6571458422,2,1,4,1,"subNo","Quiet"
42,"Male",68673.75746958,13481.9548271564,2,1,5,3,"subNo","Quiet"
41,"Female",59948.769900631,12760.2546732824,1,1,5,2,"subNo","Quiet"
45,"Male",66733.4538634173,12515.1705806676,1,1,4,2,"subNo","Quiet"
40,"Female",66584.4994748506,13713.4480257981,0,1,5,3,"subNo","Quiet"
42,"Female",64889.165821926,17811.8702848019,0,1,5,1,"subNo","Quiet"
45,"Female",61506.1325825554,13068.6628799825,1,1,4,1,"subYes","Quiet"
39,"Male",71020.832479905,16805.4217764493,0,1,4,2,"subYes","Quiet"
45,"Female",70092.9550206,11496.5614831342,1,1,4,2,"subNo","Quiet"
42,"Female",62483.3937295572,18918.0147672591,0,1,4,2,"subNo","Quiet"
41,"Male",63710.6518431326,12950.9537534569,1,0,5,2,"subNo","Quiet"
39,"Female",58527.8029377265,15828.0441729909,0,0,4,2,"subNo","Quiet"
45,"Female",68200.3406123363,18352.8368167038,1,1,4,1,"subNo","Quiet"
44,"Female",65611.5596743581,14929.0007237717,1,1,5,1,"subNo","Quiet"
46,"Female",60651.4546126961,14212.0117125037,2,1,4,3,"subNo","Quiet"
45,"Male",61746.1820919454,16259.7548225512,0,1,4,2,"subNo","Quiet"
44,"Female",65964.4183408264,13130.9914428543,1,1,6,2,"subNo","Quiet"
44,"Female",60568.9207923841,17493.7342021564,1,0,4,2,"subNo","Quiet"
43,"Female",62455.0156965925,13642.2661848519,1,0,5,2,"subNo","Quiet"
44,"Male",63724.5221087113,11746.8540270018,1,0,4,2,"subNo","Quiet"
42,"Female",67097.413752495,15955.792424737,1,1,5,1,"subNo","Quiet"
40,"Female",62573.5321823646,19412.852434338,0,0,4,1,"subNo","Quiet"
41,"Female",61818.3310940194,16446.9407127176,1,1,4,2,"subNo","Quiet"
42,"Female",91085.6424039977,18944.2812931274,3,1,3,2,"subNo","KidsAndTalk"
41,"Female",78410.3489698998,15155.4017518228,4,1,4,4,"subNo","KidsAndTalk"
37,"Female",89949.7512301563,15946.0880242884,2,1,3,2,"subNo","KidsAndTalk"
38,"Female",26965.725218472,12374.364807331,1,1,3,3,"subNo","KidsAndTalk"
41,"Female",74921.6342997304,14802.606217558,3,1,4,3,"subNo","KidsAndTalk"
38,"Male",70092.2078778703,14120.4686334004,2,1,3,3,"subNo","KidsAndTalk"
36,"Female",53200.4193783085,15474.2824746172,1,1,4,4,"subNo","KidsAndTalk"
38,"Female",49994.429323615,15039.0517496228,3,1,4,2,"subNo","KidsAndTalk"
37,"Female",57678.7093330383,16186.1454113378,3,1,3,2,"subNo","KidsAndTalk"
41,"Female",84702.8780707915,20207.0663012342,1,1,3,3,"subNo","KidsAndTalk"
40,"Male",59294.9679569834,14376.4033358212,2,1,3,3,"subNo","KidsAndTalk"
37,"Male",90944.6790031659,15751.9879537714,1,1,4,2,"subNo","KidsAndTalk"
36,"Female",64382.9909914936,15166.6138151981,0,1,4,2,"subNo","KidsAndTalk"
40,"Male",67595.3002836258,20980.6536641898,1,1,4,3,"subNo","KidsAndTalk"
38,"Female",62865.2736118019,14877.9870009509,3,1,3,3,"subNo","KidsAndTalk"
37,"Female",31213.6541175945,13309.4680898495,1,1,3,3,"subNo","KidsAndTalk"
35,"Female",95271.7893592482,13084.4129030977,2,1,4,3,"subNo","KidsAndTalk"
40,"Female",66140.134636164,15089.828318977,4,1,3,3,"subYes","KidsAndTalk"
36,"Female",67768.5792530437,15062.7881890719,0,1,4,4,"subNo","KidsAndTalk"
38,"Male",68587.9717130793,14605.85316771,3,1,3,3,"subNo","KidsAndTalk"
41,"Female",73394.1322055325,17637.2868161208,2,1,3,3,"subNo","KidsAndTalk"
38,"Female",55792.9669847475,18161.2020084233,4,1,3,1,"subNo","KidsAndTalk"
38,"Female",47405.9211696391,16544.9669888556,1,1,2,3,"subNo","KidsAndTalk"
36,"Female",92757.4312535861,14186.6392066131,3,1,3,2,"subNo","KidsAndTalk"
36,"Female",96033.3279814565,17876.6995858713,2,1,4,4,"subNo","KidsAndTalk"
36,"Male",89536.1850218223,19966.9131167105,1,1,3,4,"subNo","KidsAndTalk"
35,"Female",70296.0021485687,18966.4836647349,4,1,4,3,"subNo","KidsAndTalk"
38,"Female",89728.5467320586,19450.3415388558,6,1,3,4,"subNo","KidsAndTalk"
38,"Female",88235.0319635814,16283.1583782036,0,1,3,3,"subNo","KidsAndTalk"
38,"Male",101365.744470627,16637.5206489864,2,1,3,3,"subNo","KidsAndTalk"
38,"Female",60045.42301611,16127.5903993497,4,1,2,3,"subNo","KidsAndTalk"
38,"Female",111455.940151517,17539.1820939477,2,1,4,2,"subNo","KidsAndTalk"
36,"Female",91586.9870551053,11486.4057525318,4,1,4,3,"subNo","KidsAndTalk"
39,"Male",97636.5320680077,14027.8810589943,4,1,4,3,"subNo","KidsAndTalk"
38,"Female",71409.7729204116,15368.3186990615,1,1,3,3,"subNo","KidsAndTalk"
38,"Female",50642.8152177306,17537.7557791187,3,1,3,4,"subNo","KidsAndTalk"
39,"Female",56048.7277737703,13331.7767239501,0,1,3,3,"subNo","KidsAndTalk"
43,"Female",49334.4489118804,19310.010701196,5,1,3,2,"subNo","KidsAndTalk"
37,"Female",59037.0128678492,18551.0367089504,2,1,3,2,"subNo","KidsAndTalk"
35,"Male",74746.8641315315,14350.7809108253,5,1,2,3,"subYes","KidsAndTalk"
40,"Female",62540.9130526532,13749.9129891247,1,1,5,4,"subNo","KidsAndTalk"
38,"Male",65450.2000265643,17124.8942873787,3,1,4,3,"subNo","KidsAndTalk"
39,"Female",45310.2975150732,17324.5904339807,4,1,4,2,"subNo","KidsAndTalk"
35,"Male",79055.9379203081,14154.288709137,5,1,4,2,"subNo","KidsAndTalk"
36,"Female",66170.266856394,18142.5209924117,5,1,3,1,"subNo","KidsAndTalk"
38,"Female",27872.453882914,15991.1281632052,3,1,3,2,"subNo","KidsAndTalk"
39,"Female",82819.7915672027,14767.6652192264,9,1,2,3,"subNo","KidsAndTalk"
41,"Female",86179.2844500203,18415.1388135941,1,1,4,2,"subNo","KidsAndTalk"
38,"Female",87773.1840625957,15473.6469828144,1,1,2,2,"subNo","KidsAndTalk"
38,"Female",115385.8532143,17149.3764974627,8,1,3,2,"subNo","KidsAndTalk"
37,"Female",74036.3838108691,18042.0004731137,1,1,4,2,"subNo","KidsAndTalk"
36,"Female",79780.290468897,17599.5455582704,4,1,4,4,"subNo","KidsAndTalk"
35,"Female",36764.135189129,13801.2851684474,5,1,5,4,"subNo","KidsAndTalk"
37,"Female",53441.4143685892,12485.5931005477,2,1,4,2,"subNo","KidsAndTalk"
37,"Female",109126.243893167,19523.9169403263,3,1,3,3,"subNo","KidsAndTalk"
40,"Female",58384.7139915351,16963.8560147992,3,1,4,3,"subNo","KidsAndTalk"
37,"Female",53601.0093467904,16696.4424151377,3,1,3,3,"subNo","KidsAndTalk"
36,"Male",50827.0515840358,19151.3548706571,3,1,3,4,"subNo","KidsAndTalk"
34,"Female",67677.2468125678,18239.1737799569,1,1,2,2,"subNo","KidsAndTalk"
37,"Male",69720.8084038134,17131.6452483137,5,1,3,2,"subNo","KidsAndTalk"
38,"Female",98399.0195076487,13913.1471176424,2,1,3,2,"subNo","KidsAndTalk"
41,"Male",51128.0611316993,16037.987662418,1,1,4,2,"subNo","KidsAndTalk"
38,"Female",65135.4850054454,16917.5082005301,5,1,4,4,"subNo","KidsAndTalk"
39,"Female",71862.2883430722,11208.3490461838,6,1,3,3,"subNo","KidsAndTalk"
39,"Female",32499.7839003616,15758.5313973368,6,1,2,3,"subNo","KidsAndTalk"
36,"Female",49048.4859754195,15200.3978602966,1,1,3,3,"subNo","KidsAndTalk"
39,"Female",41019.9858394467,14800.5292726699,3,1,3,3,"subNo","KidsAndTalk"
40,"Male",57416.7561523596,14791.3974786038,6,1,4,3,"subNo","KidsAndTalk"
38,"Female",50466.8732717484,15847.6969763391,2,1,4,3,"subNo","KidsAndTalk"
37,"Female",56349.4630783708,16171.2631051365,3,1,3,3,"subNo","KidsAndTalk"
36,"Male",86724.0572711166,17578.823538856,2,1,5,2,"subNo","KidsAndTalk"
39,"Female",67046.6334302378,12978.8904518954,1,1,3,2,"subNo","KidsAndTalk"
37,"Female",71208.1855632685,17642.6763369052,3,1,4,2,"subNo","KidsAndTalk"
34,"Female",96111.8719103134,18385.8608280387,4,1,2,3,"subNo","KidsAndTalk"
38,"Female",61667.2806214366,12768.4642483161,4,1,3,3,"subNo","KidsAndTalk"
37,"Female",93833.3480727284,15303.9349087028,6,1,3,4,"subNo","KidsAndTalk"
37,"Male",32036.0073608006,18654.13969405,1,1,3,3,"subNo","KidsAndTalk"
37,"Female",63504.7630619876,14818.4132623214,3,1,4,1,"subNo","KidsAndTalk"
36,"Male",111975.051472942,16704.7077245466,5,1,3,2,"subNo","KidsAndTalk"
38,"Female",44434.8343105661,17809.510901211,3,1,4,2,"subNo","KidsAndTalk"
41,"Female",32221.4946388791,15846.081227369,4,1,3,2,"subNo","KidsAndTalk"
37,"Female",99441.2249634101,16251.9875481901,5,1,3,3,"subYes","KidsAndTalk"
43,"Male",51726.7336358204,15137.3892172506,1,1,3,2,"subNo","KidsAndTalk"
34,"Female",40625.5208728538,18397.1474865132,1,1,3,3,"subNo","KidsAndTalk"
39,"Female",71064.8751223339,21768.258290385,3,1,3,4,"subNo","KidsAndTalk"
39,"Female",49690.6491945352,17458.0230392574,4,1,3,3,"subNo","KidsAndTalk"
39,"Male",61422.2215726824,15571.3201082056,2,1,2,3,"subNo","KidsAndTalk"
39,"Female",70469.5124594474,15315.0364863804,3,1,3,3,"subNo","KidsAndTalk"
38,"Female",83906.6678419465,12320.9817958252,2,1,4,2,"subNo","KidsAndTalk"
38,"Female",80171.4420764237,16056.7844358624,7,1,3,4,"subNo","KidsAndTalk"
42,"Female",73182.6667370589,17829.6576326158,1,1,2,3,"subNo","KidsAndTalk"
41,"Male",88099.6588035667,18523.5430612255,1,1,3,2,"subNo","KidsAndTalk"
39,"Male",41308.3124061376,18615.3521897237,4,1,4,3,"subNo","KidsAndTalk"
38,"Male",89965.823537642,16267.170735003,4,1,4,3,"subNo","KidsAndTalk"
38,"Female",52944.7114382527,17894.4561476868,3,1,4,3,"subNo","KidsAndTalk"
42,"Male",100151.181230295,16755.1016461907,2,1,3,3,"subNo","KidsAndTalk"
41,"Female",93930.45860869,15300.8283582664,2,1,4,3,"subNo","KidsAndTalk"
37,"Female",113010.986288106,16464.1661121053,4,1,3,3,"subNo","KidsAndTalk"
38,"Female",68334.298147973,17656.2104259406,1,1,4,2,"subNo","KidsAndTalk"
39,"Female",67033.2593178027,13768.2699467799,1,1,3,3,"subNo","KidsAndTalk"
35,"Female",60703.5904324482,16266.280560603,3,1,3,2,"subNo","KidsAndTalk"
38,"Male",74166.2802926829,18838.73205379,1,1,3,3,"subNo","KidsAndTalk"
38,"Female",61675.0445315373,19476.9907424482,4,1,2,2,"subNo","KidsAndTalk"
36,"Female",100153.395622998,15364.3253645876,5,1,3,3,"subNo","KidsAndTalk"
36,"Female",62944.4477012458,15564.3663519191,1,1,4,3,"subNo","KidsAndTalk"
36,"Female",93206.4541811298,18907.0603201225,2,1,4,2,"subNo","KidsAndTalk"
37,"Male",63708.0495853715,16160.2468172506,5,1,2,2,"subNo","KidsAndTalk"
36,"Female",81996.1504907653,18748.9744427859,4,1,3,2,"subNo","KidsAndTalk"
38,"Female",73378.1751894949,16805.7526492131,4,1,3,3,"subNo","KidsAndTalk"
38,"Female",50052.3124601541,14456.4487765882,1,1,3,3,"subYes","KidsAndTalk"
39,"Female",107126.072080168,12993.5142896891,4,1,3,3,"subYes","KidsAndTalk"
38,"Female",51516.7706819313,17563.5814129054,2,1,3,2,"subNo","KidsAndTalk"
39,"Female",75705.2760423104,15631.6457146369,5,1,5,2,"subNo","KidsAndTalk"
37,"Female",93684.6963594824,12981.1228259162,6,1,4,4,"subNo","KidsAndTalk"
39,"Female",95226.8415210197,15028.4925141066,2,1,3,3,"subNo","KidsAndTalk"
36,"Female",37177.1757629084,15338.7950183231,7,1,5,4,"subNo","KidsAndTalk"
37,"Female",86678.5406912473,14255.2637703607,4,1,3,2,"subNo","KidsAndTalk"
38,"Male",73010.1996431082,15763.2134043389,2,1,4,3,"subNo","KidsAndTalk"
39,"Male",31248.3624374113,12921.3766886408,1,1,3,3,"subNo","KidsAndTalk"
39,"Male",42278.9001487002,15665.5659268266,6,1,3,3,"subNo","KidsAndTalk"
36,"Female",72462.3254128992,20364.9441677868,4,1,4,3,"subNo","KidsAndTalk"
35,"Female",59331.6703536742,15713.6913135173,2,1,4,4,"subNo","KidsAndTalk"
39,"Female",75164.6128791375,15790.2971034935,6,1,3,3,"subNo","KidsAndTalk"
37,"Female",53279.124394386,13912.4761665317,1,1,3,3,"subYes","KidsAndTalk"
39,"Female",59126.8873981888,14591.4410444727,9,1,5,3,"subYes","KidsAndTalk"
37,"Female",48097.0100757043,0,3,0,3,4,"subNo","NonCar"
36,"Male",55056.2241821026,0,1,0,2,4,"subNo","NonCar"
33,"Male",56845.6894711806,0,2,0,4,4,"subNo","NonCar"
34,"Female",72056.3373493625,0,6,0,4,5,"subNo","NonCar"
35,"Female",50266.4184711284,0,1,0,3,5,"subNo","NonCar"
36,"Female",56264.5975183988,0,5,0,2,4,"subYes","NonCar"
37,"Male",36589.4214600588,0,4,0,1,5,"subNo","NonCar"
33,"Female",35274.2867819383,0,3,0,3,4,"subNo","NonCar"
30,"Female",24555.7279965998,0,3,0,2,4,"subNo","NonCar"
41,"Female",55281.1719806616,0,2,0,3,4,"subNo","NonCar"
41,"Male",36031.599995537,0,2,0,1,3,"subNo","NonCar"
36,"Male",46107.0478448225,0,5,0,2,4,"subNo","NonCar"
34,"Female",45588.1582970264,0,3,0,3,3,"subNo","NonCar"
39,"Male",50438.3940618803,0,2,0,2,3,"subNo","NonCar"
34,"Female",49914.5179197353,0,3,0,2,5,"subNo","NonCar"
30,"Male",54402.7117744082,0,2,0,2,4,"subNo","NonCar"
35,"Female",54436.5108091457,0,1,0,1,6,"subNo","NonCar"
29,"Female",46520.8218401472,0,2,0,2,4,"subNo","NonCar"
46,"Male",44675.842205601,0,1,0,3,5,"subNo","NonCar"
38,"Female",31316.895421926,0,1,0,3,5,"subNo","NonCar"
36,"Male",53997.2417917706,0,1,0,1,5,"subNo","NonCar"
34,"Female",57011.3122484714,0,1,0,1,4,"subNo","NonCar"
38,"Male",29296.6073746362,0,2,0,1,5,"subNo","NonCar"
32,"Male",44853.6701856549,0,0,0,2,4,"subNo","NonCar"
32,"Male",52962.7003724355,0,2,0,1,4,"subNo","NonCar"
37,"Male",49406.9877201929,0,3,0,2,5,"subNo","NonCar"
34,"Female",52162.2455579708,0,1,0,2,6,"subNo","NonCar"
35,"Male",59984.9076843879,0,3,0,1,5,"subNo","NonCar"
31,"Male",58665.1234495941,0,3,0,2,5,"subNo","NonCar"
38,"Female",41958.2314892116,0,4,0,1,4,"subNo","NonCar"
39,"Female",48074.9559958691,0,1,0,1,5,"subNo","NonCar"
33,"Female",53649.7199155504,0,1,0,2,4,"subNo","NonCar"
40,"Male",42836.8959239587,0,2,0,3,5,"subNo","NonCar"
33,"Male",40319.6840754863,0,2,0,2,3,"subNo","NonCar"
38,"Male",61277.1501871516,0,5,0,2,5,"subNo","NonCar"
35,"Male",61551.1513173227,0,1,0,3,3,"subNo","NonCar"
34,"Female",44656.1740347469,0,1,0,2,5,"subNo","NonCar"
32,"Male",60774.2851514194,0,0,0,2,5,"subNo","NonCar"
31,"Male",59219.5509936775,0,3,0,3,4,"subNo","NonCar"
41,"Male",51907.5594942571,0,1,0,3,5,"subNo","NonCar"
26,"Female",53576.7078083637,0,3,0,2,4,"subNo","NonCar"
36,"Male",56435.8975005337,0,1,0,2,5,"subNo","NonCar"
38,"Female",59002.7488122513,0,4,0,2,4,"subNo","NonCar"
36,"Female",52895.9393772342,0,2,0,3,3,"subNo","NonCar"
39,"Male",59003.1978436064,0,0,0,1,3,"subNo","NonCar"
33,"Male",45082.9613234531,0,2,0,2,3,"subNo","NonCar"
37,"Male",36212.5599879092,0,1,0,2,4,"subNo","NonCar"
31,"Male",39845.9710126944,0,2,0,2,3,"subNo","NonCar"
39,"Female",41239.2811042106,0,2,0,2,5,"subNo","NonCar"
36,"Male",63199.1215209506,0,1,0,3,3,"subNo","NonCar"
36,"Male",53658.4313945997,0,2,0,2,5,"subNo","NonCar"
34,"Male",52377.5838192145,0,4,0,1,4,"subNo","NonCar"
35,"Male",54178.3106406861,0,1,0,2,3,"subNo","NonCar"
36,"Male",46218.4134381711,0,5,0,2,5,"subNo","NonCar"
40,"Female",42479.2092263855,0,4,0,1,4,"subNo","NonCar"
36,"Male",62129.580145953,0,2,0,2,4,"subNo","NonCar"
36,"Female",36305.7448234492,0,2,0,3,4,"subNo","NonCar"
29,"Male",81819.781854257,0,1,0,3,3,"subNo","NonCar"
34,"Male",49576.0869811199,0,2,0,2,4,"subNo","NonCar"
30,"Male",56365.8400764375,0,1,0,1,5,"subNo","NonCar"
34,"Female",53543.9025916235,0,2,0,1,4,"subNo","NonCar"
46,"Female",52787.1505199681,0,1,0,2,3,"subNo","NonCar"
35,"Female",30266.1504668163,0,1,0,3,4,"subNo","NonCar"
39,"Male",56473.5193228709,0,1,0,3,5,"subNo","NonCar"
33,"Female",49338.7967506064,0,2,0,2,4,"subNo","NonCar"
36,"Male",37955.6936369304,0,3,0,3,4,"subNo","NonCar"
39,"Female",39703.0585892127,0,1,0,2,6,"subNo","NonCar"
43,"Female",29897.5419023236,0,0,0,2,6,"subNo","NonCar"
39,"Male",60007.3661836477,0,0,0,2,4,"subNo","NonCar"
31,"Female",46985.5168160641,0,0,0,2,4,"subNo","NonCar"
36,"Male",57321.6022673486,0,2,0,2,4,"subNo","NonCar"
28,"Female",23069.5777072309,0,2,0,2,4,"subNo","NonCar"
36,"Female",41136.3207917535,0,2,0,2,4,"subNo","NonCar"
36,"Female",58093.5570138969,0,2,0,1,4,"subNo","NonCar"
39,"Male",51689.2531094091,0,1,0,3,5,"subNo","NonCar"
36,"Female",67168.8997318543,0,3,0,2,5,"subNo","NonCar"
41,"Female",51475.8210582035,0,3,0,2,4,"subNo","NonCar"
35,"Female",41957.6875193045,0,2,0,3,5,"subNo","NonCar"
38,"Female",71810.0179884994,0,2,0,1,4,"subNo","NonCar"
37,"Female",57687.5712713846,0,2,0,2,5,"subNo","NonCar"
41,"Female",50964.377500665,0,2,0,3,4,"subNo","NonCar"
27,"Female",49294.7986714042,0,3,0,2,4,"subNo","NonCar"
37,"Male",59226.6317981313,0,0,0,2,4,"subNo","NonCar"
34,"Male",57813.2364684708,0,2,0,3,5,"subNo","NonCar"
39,"Female",64282.6307907832,0,0,0,2,4,"subNo","NonCar"
38,"Male",48532.2249581755,0,3,0,2,3,"subNo","NonCar"
37,"Female",46610.7379622057,0,2,0,3,4,"subNo","NonCar"
34,"Male",45473.8981378354,0,1,0,2,4,"subNo","NonCar"
35,"Female",54588.1044296167,0,2,0,3,3,"subNo","NonCar"
37,"Female",51450.37424548,0,1,0,3,5,"subNo","NonCar"
35,"Female",48006.2273375973,0,2,0,1,5,"subNo","NonCar"
45,"Male",39017.1699880475,0,1,0,2,3,"subNo","NonCar"
41,"Female",63669.187740104,0,1,0,3,5,"subNo","NonCar"
34,"Female",58869.1388106844,0,0,0,3,3,"subNo","NonCar"
39,"Male",47234.6148353744,0,5,0,3,4,"subNo","NonCar"
34,"Male",43544.7789109721,0,2,0,3,5,"subNo","NonCar"
45,"Male",33406.2258452007,0,3,0,2,4,"subNo","NonCar"
38,"Female",49680.3525169934,0,1,0,1,5,"subNo","NonCar"
34,"Male",40894.7497166636,0,2,0,1,4,"subNo","NonCar"
27,"Male",47944.8829677884,0,1,0,2,4,"subNo","NonCar"
39,"Male",62815.6900148416,0,0,0,3,6,"subNo","NonCar"
35,"Female",44150.8945491895,0,1,0,2,5,"subNo","NonCar"
36,"Male",52329.437960154,0,5,0,2,4,"subNo","NonCar"
35,"Female",49074.5388789039,0,0,0,2,4,"subNo","NonCar"
34,"Male",47808.2662762895,0,3,0,2,4,"subNo","NonCar"
31,"Female",49447.4171190283,0,1,0,2,4,"subNo","NonCar"
33,"Male",44251.5129867893,0,2,0,2,5,"subNo","NonCar"
32,"Female",66189.7321646011,0,0,0,1,6,"subNo","NonCar"
35,"Female",49616.5048082382,0,0,0,2,3,"subNo","NonCar"
37,"Female",40054.9411275759,0,3,0,2,6,"subNo","NonCar"
37,"Female",49993.1945764545,0,3,0,2,5,"subNo","NonCar"
41,"Female",58868.1584461628,0,2,0,1,5,"subNo","NonCar"
40,"Male",52717.9290308887,0,3,0,2,4,"subNo","NonCar"
40,"Female",54260.2254653624,0,0,0,3,5,"subNo","NonCar"
33,"Male",49305.2560975845,0,1,0,3,5,"subNo","NonCar"
38,"Female",39932.5067933363,0,2,0,2,4,"subNo","NonCar"
37,"Female",41479.0327396175,0,0,0,3,4,"subNo","NonCar"
38,"Female",44335.078034458,0,2,0,2,4,"subNo","NonCar"
39,"Male",51547.0269695827,0,2,0,3,3,"subNo","NonCar"
31,"Male",59956.8789521656,0,1,0,3,4,"subNo","NonCar"
38,"Male",66985.4564464124,0,2,0,2,3,"subNo","NonCar"
42,"Male",59737.3698532829,0,1,0,2,3,"subNo","NonCar"
34,"Male",71375.6069661386,0,2,0,3,4,"subNo","NonCar"
35,"Male",49360.4318800467,0,1,0,2,5,"subNo","NonCar"
42,"Male",28936.8733976785,0,1,0,3,4,"subNo","NonCar"
43,"Male",39802.3043984751,0,1,0,1,5,"subNo","NonCar"
31,"Female",60908.315265015,0,1,0,3,3,"subNo","NonCar"
25,"Female",51893.9102582567,0,3,0,1,4,"subNo","NonCar"
43,"Female",57378.0470194651,0,5,0,2,3,"subNo","NonCar"
37,"Female",46775.6879054084,0,3,0,3,3,"subNo","NonCar"
31,"Male",37777.3562015207,0,2,0,3,3,"subNo","NonCar"
35,"Female",54496.1460930686,0,3,0,2,4,"subNo","NonCar"
34,"Male",56702.708282133,0,4,0,2,4,"subNo","NonCar"
37,"Male",45380.1136064831,0,1,0,1,3,"subNo","NonCar"
33,"Female",63106.5233407374,0,5,0,2,3,"subNo","NonCar"
38,"Male",52420.0632340663,0,3,0,1,4,"subNo","NonCar"
35,"Male",53061.6254043122,0,3,0,4,4,"subNo","NonCar"
37,"Male",51051.9251749837,0,3,0,3,4,"subNo","NonCar"
38,"Female",51680.0114331046,0,4,0,1,3,"subNo","NonCar"
36,"Female",64931.1800755042,0,3,0,1,3,"subNo","NonCar"
33,"Male",55254.0949859822,0,1,0,1,5,"subNo","NonCar"
30,"Male",46963.6551955468,0,0,0,2,4,"subNo","NonCar"
34,"Male",50161.4408469227,0,5,0,2,4,"subNo","NonCar"
34,"Female",61627.0035614681,0,2,0,2,4,"subNo","NonCar"
38,"Female",58931.4015458955,0,2,0,2,4,"subNo","NonCar"
35,"Female",44768.1952792192,0,0,0,3,6,"subNo","NonCar"
34,"Male",50552.3954486875,0,0,0,3,4,"subNo","NonCar"
39,"Female",48535.5210799449,0,2,0,1,4,"subNo","NonCar"
32,"Male",45290.3946413875,0,5,0,3,5,"subNo","NonCar"
35,"Male",54893.9591374062,0,3,0,3,4,"subNo","NonCar"
40,"Male",39248.980059045,0,2,0,2,4,"subNo","NonCar"
30,"Female",60132.7153271604,0,2,0,2,4,"subNo","NonCar"
36,"Male",41822.8981472405,0,1,0,2,5,"subNo","NonCar"
34,"Male",43398.733362418,0,0,0,2,3,"subNo","NonCar"
28,"Female",56115.3447268207,0,2,0,3,4,"subNo","NonCar"
37,"Male",38467.9785678993,0,2,0,2,4,"subNo","NonCar"
34,"Male",50736.3421455134,0,5,0,2,4,"subNo","NonCar"
40,"Male",52833.936470849,0,0,0,3,5,"subNo","NonCar"
40,"Female",75235.9257168073,0,3,0,2,5,"subNo","NonCar"
37,"Male",62221.9237721663,0,3,0,1,5,"subNo","NonCar"
32,"Female",51256.0975613669,0,1,0,2,3,"subNo","NonCar"
34,"Female",54236.1494417222,0,1,0,1,5,"subNo","NonCar"
34,"Female",52691.8121889876,0,3,0,1,6,"subNo","NonCar"
31,"Female",50978.0577820816,0,2,0,3,4,"subNo","NonCar"
42,"Female",57322.9086489585,0,0,0,2,3,"subNo","NonCar"
29,"Female",43390.8047503991,0,0,0,3,4,"subNo","NonCar"
32,"Male",37546.4014622833,0,0,0,3,4,"subNo","NonCar"
36,"Male",49957.0605153486,0,4,0,1,5,"subNo","NonCar"
33,"Male",53470.49603138,0,2,0,1,5,"subNo","NonCar"
37,"Male",48249.2092842187,0,1,0,3,3,"subNo","NonCar"
37,"Male",64485.2203692791,0,1,0,1,5,"subNo","NonCar"
34,"Male",36771.9596015072,0,2,0,2,6,"subNo","NonCar"
40,"Female",63074.1044501141,0,2,0,3,4,"subNo","NonCar"
36,"Male",43938.794023097,0,1,0,1,4,"subNo","NonCar"
36,"Female",24542.8835243447,0,3,0,2,5,"subNo","NonCar"
43,"Male",41051.1117492992,0,3,0,2,5,"subNo","NonCar"
32,"Male",67187.8648109675,0,4,0,1,4,"subNo","NonCar"
35,"Male",48578.5632162035,0,1,0,3,4,"subNo","NonCar"
39,"Male",48630.9799313158,0,3,0,3,4,"subNo","NonCar"
36,"Male",26089.7894194774,0,3,0,2,3,"subNo","NonCar"
40,"Male",45742.5676664544,0,0,0,1,4,"subNo","NonCar"
34,"Male",47972.4324842767,0,3,0,3,5,"subNo","NonCar"
36,"Female",43718.6746985527,0,3,0,2,4,"subNo","NonCar"
39,"Male",60303.8737766595,0,2,0,3,5,"subNo","NonCar"
39,"Male",70173.7012952735,0,2,0,3,6,"subNo","NonCar"
34,"Female",62671.7932930279,0,3,0,2,5,"subNo","NonCar"
30,"Female",31319.6702603796,0,3,0,3,4,"subNo","NonCar"
30,"Female",45231.6717970071,0,4,0,3,6,"subNo","NonCar"
47,"Male",62599.0699434081,0,1,0,1,3,"subNo","NonCar"
36,"Male",35379.2800011246,0,3,0,2,5,"subNo","NonCar"
38,"Male",56766.5523304199,0,0,0,2,4,"subNo","NonCar"
41,"Male",65600.7913333452,0,2,0,2,5,"subNo","NonCar"
36,"Female",71426.0027983174,0,1,0,2,4,"subNo","NonCar"
41,"Male",47191.5974930398,0,2,0,2,4,"subNo","NonCar"
40,"Male",50946.9979454977,0,0,0,3,3,"subNo","NonCar"
32,"Male",48685.3170921473,0,0,0,3,2,"subNo","NonCar"
43,"Male",29123.7536374495,0,2,0,3,4,"subNo","NonCar"
34,"Female",65552.6415492052,0,2,0,3,3,"subNo","NonCar"
39,"Female",55260.1303494855,0,1,0,3,3,"subNo","NonCar"
38,"Male",46508.5457029034,0,3,0,2,4,"subNo","NonCar"
33,"Female",35675.3626761312,0,4,0,2,5,"subNo","NonCar"
34,"Male",54146.7933410117,0,3,0,2,3,"subNo","NonCar"
30,"Male",36224.5951169355,0,1,0,2,4,"subNo","NonCar"
31,"Female",53855.8605535338,0,1,0,2,4,"subNo","NonCar"
29,"Male",54779.3330521274,0,5,0,2,5,"subNo","NonCar"
21,"Male",28658.546167832,20297.245791413,0,0,4,4,"subNo","MusicDriver"
24,"Female",34297.9196640633,16117.2095557341,0,1,6,5,"subNo","MusicDriver"
29,"Male",26864.8138971462,15334.3016727397,0,1,6,5,"subNo","MusicDriver"
29,"Male",27947.8089125965,17603.4828908076,0,1,6,5,"subNo","MusicDriver"
27,"Male",11042.0060212799,19076.8103861968,0,1,5,5,"subNo","MusicDriver"
27,"Male",25894.7664811319,19494.4666131161,0,0,5,4,"subNo","MusicDriver"
24,"Male",28528.467824171,20774.9555969792,0,1,6,4,"subNo","MusicDriver"
25,"Male",19326.8545167535,18690.7679763812,0,1,6,5,"subNo","MusicDriver"
27,"Female",38826.2560243655,19036.4421147502,0,1,6,6,"subNo","MusicDriver"
25,"Male",25544.124921881,19249.8865913376,0,1,6,4,"subNo","MusicDriver"
25,"Female",29122.4421531607,15960.6770553678,0,1,5,5,"subNo","MusicDriver"
29,"Female",17153.9327671784,19814.7887480068,0,1,5,4,"subNo","MusicDriver"
25,"Male",39142.9494175338,21545.1920224088,0,1,6,5,"subNo","MusicDriver"
26,"Male",34963.783279528,21262.0631867709,0,0,6,5,"subNo","MusicDriver"
26,"Female",29471.8231821619,17176.7629197008,0,1,6,6,"subNo","MusicDriver"
23,"Male",35539.9320901793,18228.8437629602,0,1,5,4,"subNo","MusicDriver"
27,"Female",26988.8108832212,18666.6563636672,0,1,7,4,"subNo","MusicDriver"
23,"Male",34667.4758145038,21477.0895727984,0,1,6,6,"subYes","MusicDriver"
25,"Male",22489.6856697425,22692.9914960349,0,1,3,6,"subNo","MusicDriver"
30,"Male",21054.0878690981,16493.2544027601,0,1,5,4,"subNo","MusicDriver"
25,"Female",23112.0794155337,21658.0618880304,0,1,5,5,"subYes","MusicDriver"
26,"Male",28822.9329277019,19257.5000258085,0,0,4,4,"subYes","MusicDriver"
26,"Male",13584.593057055,19502.632457474,0,1,5,5,"subNo","MusicDriver"
28,"Male",39059.6592709638,21313.796956726,0,1,6,4,"subYes","MusicDriver"
26,"Male",31295.3525965279,19811.640746082,0,1,5,5,"subNo","MusicDriver"
27,"Female",24937.8310659364,18936.5233223177,0,1,6,5,"subNo","MusicDriver"
28,"Male",30694.1928894277,19011.9121819215,0,0,6,4,"subNo","MusicDriver"
27,"Male",38850.6492988114,13366.9848900544,0,0,7,6,"subNo","MusicDriver"
30,"Male",29190.9387593598,18741.8083744361,0,1,6,5,"subNo","MusicDriver"
26,"Male",20601.6362202225,17652.0058337129,0,1,6,5,"subNo","MusicDriver"
24,"Female",29813.2881414218,19874.6206802965,0,1,6,5,"subNo","MusicDriver"
23,"Male",25152.8276858878,18830.9183600824,0,0,6,5,"subNo","MusicDriver"
27,"Male",42894.911510112,14735.793335985,0,1,5,6,"subNo","MusicDriver"
20,"Male",36626.4903325624,21174.9296244725,0,1,5,5,"subNo","MusicDriver"
29,"Male",29678.2987589984,24530.4723791132,0,0,6,5,"subNo","MusicDriver"
22,"Male",32653.2248060068,18552.1229955688,0,1,6,5,"subNo","MusicDriver"
29,"Male",27744.368085426,19380.2579790903,0,1,5,6,"subNo","MusicDriver"
24,"Male",35616.6147265148,18770.6654931102,0,1,6,5,"subNo","MusicDriver"
26,"Male",37954.3171480211,14669.0886836937,0,1,6,5,"subYes","MusicDriver"
26,"Male",20806.5711102757,19480.6955466429,0,1,5,4,"subYes","MusicDriver"
26,"Female",29494.4566609131,22355.738592272,0,1,5,4,"subNo","MusicDriver"
26,"Male",33683.2142465477,19719.7839109142,0,0,6,5,"subYes","MusicDriver"
27,"Female",15088.7500723587,15555.7144116567,0,1,6,6,"subNo","MusicDriver"
27,"Male",21751.3657722488,15727.3906569888,0,1,6,6,"subYes","MusicDriver"
28,"Male",19754.7831342455,19166.0843004817,0,1,5,5,"subNo","MusicDriver"
23,"Female",29588.8694911434,20065.5135359799,0,1,5,4,"subNo","MusicDriver"
29,"Female",22788.832083639,19234.8989575696,0,1,5,5,"subNo","MusicDriver"
27,"Female",43209.0133240975,19524.1438597203,0,0,7,5,"subNo","MusicDriver"
27,"Female",36402.5638575727,17967.0990012557,0,1,5,5,"subYes","MusicDriver"
27,"Female",24773.1372116012,20606.7827134094,0,1,5,5,"subNo","MusicDriver"
23,"Male",24260.9052533854,21531.6713238842,0,0,5,5,"subNo","MusicDriver"
27,"Male",30681.6311564617,21534.1186646772,0,1,5,4,"subNo","MusicDriver"
26,"Female",35725.5516658704,20992.1063600071,0,0,7,4,"subNo","MusicDriver"
24,"Male",32831.2266401569,18637.642911299,0,1,5,6,"subNo","MusicDriver"
27,"Female",35458.1431774392,19061.6223811679,0,1,6,5,"subNo","MusicDriver"
26,"Male",33437.3504863288,18303.3459601905,0,1,5,5,"subNo","MusicDriver"
28,"Female",24764.0905306739,17856.4520384941,0,1,6,5,"subNo","MusicDriver"
28,"Female",30349.9609599178,18414.8924578227,0,1,5,4,"subNo","MusicDriver"
25,"Male",22853.761567768,20529.5460155771,0,1,6,6,"subNo","MusicDriver"
25,"Female",42296.0687119402,19499.9312055065,0,1,6,6,"subYes","MusicDriver"
28,"Male",37075.0458702522,17565.2716286143,0,1,7,4,"subNo","MusicDriver"
27,"Male",30950.8918024412,22927.6977404477,0,1,5,6,"subNo","MusicDriver"
28,"Female",24854.821902957,18943.2116977416,0,1,6,4,"subYes","MusicDriver"
28,"Male",31219.0615046809,20784.2986309978,0,1,5,4,"subYes","MusicDriver"
28,"Male",20926.9614118717,19835.5034440971,0,1,5,5,"subNo","MusicDriver"
29,"Female",22584.3060197719,16852.5874398551,0,1,6,5,"subNo","MusicDriver"
29,"Female",17802.0047427896,19600.3320106515,0,0,4,5,"subNo","MusicDriver"
26,"Male",24549.5832053136,20494.049204487,0,1,6,5,"subNo","MusicDriver"
25,"Male",15035.776717425,19503.8297962241,0,1,5,5,"subYes","MusicDriver"
26,"Male",29446.8426224953,22025.6472872347,0,1,4,5,"subNo","MusicDriver"
23,"Male",31699.42238155,17121.5907654196,0,1,6,5,"subNo","MusicDriver"
25,"Male",34217.7739627904,17934.1897795678,0,1,5,6,"subNo","MusicDriver"
21,"Male",15568.2790612782,20613.0322103666,0,1,5,5,"subNo","MusicDriver"
26,"Female",19560.9420370529,17130.0302127291,0,1,6,5,"subNo","MusicDriver"
24,"Female",26168.4356767453,16871.7757018582,0,1,5,5,"subNo","MusicDriver"
27,"Female",38325.9414488144,18799.5465934283,0,1,6,5,"subNo","MusicDriver"
27,"Male",29587.4267916166,20697.158685667,0,1,7,5,"subNo","MusicDriver"
25,"Female",24810.411407143,24891.7004588452,0,1,5,5,"subNo","MusicDriver"
23,"Male",18922.1022705531,16200.5595619824,0,1,4,5,"subNo","MusicDriver"
28,"Male",38544.1242245516,18045.0371069327,0,1,6,6,"subNo","MusicDriver"
29,"Male",34351.4179830871,13675.552006477,0,1,4,5,"subNo","MusicDriver"
22,"Female",28065.9440707514,19283.5740982411,0,1,5,7,"subNo","MusicDriver"
28,"Male",38784.9334703373,17484.3954808248,0,1,6,5,"subNo","MusicDriver"
29,"Female",13681.5499718654,15426.5056009531,0,1,6,5,"subYes","MusicDriver"
29,"Female",32411.5921513388,18484.575476309,0,1,6,4,"subNo","MusicDriver"
29,"Female",34192.6380132032,16837.5025772055,0,0,6,4,"subNo","MusicDriver"
26,"Male",23927.4694530183,19569.1360181927,0,0,6,6,"subNo","MusicDriver"
26,"Male",30400.012082293,19992.4210195668,0,1,5,4,"subNo","MusicDriver"
27,"Female",34768.8132538828,19800.2572239139,0,1,6,5,"subNo","MusicDriver"
27,"Male",18073.815783561,21853.9629343269,0,1,6,6,"subNo","MusicDriver"
28,"Female",29635.1879220862,18372.3000760103,0,1,6,4,"subYes","MusicDriver"
23,"Female",35742.3672651281,22082.7697284084,0,1,6,3,"subYes","MusicDriver"
27,"Male",27165.5274457407,19178.8842153816,0,1,6,6,"subNo","MusicDriver"
24,"Male",30399.2682972449,21207.4418291158,0,0,6,5,"subNo","MusicDriver"
22,"Male",32455.8376562445,18358.122380479,0,0,6,5,"subNo","MusicDriver"
28,"Male",20764.1111335906,21549.8679185811,0,1,6,4,"subNo","MusicDriver"
26,"Female",23407.4366339243,17246.6631746709,0,0,6,5,"subNo","MusicDriver"
24,"Male",23467.8649661644,19388.0459886757,0,1,5,4,"subNo","MusicDriver"
24,"Male",20292.9386768407,16543.2111429651,0,1,6,6,"subNo","MusicDriver"
28,"Male",34361.8523781585,18943.5666065803,0,1,6,6,"subNo","MusicDriver"
25,"Male",39662.1587888668,16574.4953262915,0,1,7,5,"subNo","MusicDriver"
23,"Male",23092.2306148728,15721.7457268627,0,1,6,5,"subYes","MusicDriver"
24,"Male",23171.1999948529,18542.1079743104,0,1,7,5,"subNo","MusicDriver"
29,"Male",42156.0435832499,20601.5169559036,0,0,6,4,"subNo","MusicDriver"
28,"Male",38375.3092422283,21852.0022044778,0,1,6,5,"subNo","MusicDriver"
26,"Male",23162.0519585473,19680.1466344392,0,0,7,5,"subNo","MusicDriver"
26,"Female",35657.1570322588,19771.1689209964,0,1,4,5,"subNo","MusicDriver"
25,"Male",29904.3272960277,16850.0215781845,0,1,7,4,"subNo","MusicDriver"
28,"Female",41864.6756070149,18628.5808208328,0,1,6,5,"subNo","MusicDriver"
24,"Male",22492.1758758722,16263.089042293,0,1,7,5,"subYes","MusicDriver"
27,"Male",13595.9552417496,23274.5587986323,0,1,6,4,"subNo","MusicDriver"
25,"Male",39491.4607255318,19269.6573470975,0,1,7,5,"subNo","MusicDriver"
29,"Male",33843.3950549754,17311.3055058478,0,1,6,6,"subNo","MusicDriver"
27,"Male",20887.0081872043,21728.8793987111,0,0,5,6,"subYes","MusicDriver"
28,"Male",34403.5053152192,18674.6826076055,0,1,5,4,"subNo","MusicDriver"
27,"Male",29124.6446731753,16473.3064367386,0,1,6,4,"subNo","MusicDriver"
26,"Male",43659.5584631855,19554.9748045373,0,1,6,5,"subNo","MusicDriver"
27,"Male",41492.2924565204,17768.6660944444,0,0,5,5,"subNo","MusicDriver"
22,"Female",21544.2238882129,21822.4812237227,0,1,6,4,"subNo","MusicDriver"
24,"Male",33042.6842282746,18711.3179777772,0,0,6,6,"subNo","MusicDriver"
28,"Male",25453.7443258907,17926.954326758,0,1,5,5,"subNo","MusicDriver"
25,"Male",21353.4501794307,15105.0599969923,0,1,5,4,"subNo","MusicDriver"
26,"Female",30253.3952761939,18330.7801372955,0,1,5,4,"subYes","MusicDriver"
27,"Female",28121.7247125195,14883.4301283368,0,0,5,5,"subNo","MusicDriver"
27,"Female",21520.7963345504,16520.1236868182,0,1,5,6,"subNo","MusicDriver"
27,"Male",31775.7433155202,18118.5803640405,0,1,5,4,"subNo","MusicDriver"
24,"Female",17581.7353269824,18840.9510732746,0,1,5,5,"subNo","MusicDriver"
27,"Male",34220.549540606,19564.0656736905,0,1,4,5,"subNo","MusicDriver"
29,"Female",34785.3834352311,21808.254429276,0,1,6,6,"subNo","MusicDriver"
23,"Male",33828.8691507951,20587.5228283023,0,1,6,5,"subNo","MusicDriver"
26,"Male",36832.3893063514,19438.0812032695,0,1,6,4,"subNo","MusicDriver"
26,"Female",28880.801930172,17221.4082412937,0,1,5,5,"subNo","MusicDriver"
29,"Male",33182.5186951548,17020.3699178293,0,1,5,5,"subYes","MusicDriver"
25,"Female",21992.4808805535,14135.1678279477,0,1,5,4,"subNo","MusicDriver"
25,"Male",32939.8072716588,17579.6470026646,0,1,5,6,"subYes","MusicDriver"
25,"Male",31433.613370974,18299.5763281729,0,0,6,4,"subNo","MusicDriver"
31,"Male",33050.0469741224,20172.0530945928,0,1,5,4,"subNo","MusicDriver"
27,"Male",33983.1554373418,17327.3371864962,0,1,7,5,"subNo","MusicDriver"
27,"Female",32085.2272419174,20369.6205301673,0,0,5,6,"subNo","MusicDriver"
26,"Female",24515.0276082302,21367.3872793424,0,1,6,5,"subNo","MusicDriver"
22,"Female",29575.0573993529,16995.3845158245,0,1,6,5,"subYes","MusicDriver"
24,"Male",26358.9094568217,22100.6270290536,0,1,6,6,"subNo","MusicDriver"
31,"Male",33427.682645441,19355.4589036567,0,1,5,6,"subNo","MusicDriver"
26,"Female",23594.3733570779,18665.6918090592,0,1,6,5,"subYes","MusicDriver"
24,"Female",34790.7484835375,19451.642780956,0,1,6,5,"subYes","MusicDriver"
27,"Male",45375.6097501454,21178.4149506029,0,1,6,4,"subYes","MusicDriver"
22,"Female",24077.6793165872,21523.5397902737,0,1,6,5,"subNo","MusicDriver"
25,"Male",16780.6662915061,19740.3046044394,0,1,5,5,"subNo","MusicDriver"
28,"Male",28180.1786541436,20365.3256059313,0,1,4,5,"subYes","MusicDriver"
27,"Male",25973.5909243381,16199.8153059232,0,1,6,4,"subNo","MusicDriver"
27,"Female",39883.0304023897,15569.2448647613,0,1,6,5,"subNo","MusicDriver"
24,"Male",30705.4083260587,16533.5716656678,0,1,5,5,"subNo","MusicDriver"
26,"Male",33529.6049538185,21680.8470271061,0,1,5,6,"subNo","MusicDriver"
29,"Male",16051.9064440933,18687.6806957728,0,0,6,5,"subNo","MusicDriver"
25,"Female",23329.0617201687,21587.6614785589,0,1,6,6,"subYes","MusicDriver"
27,"Male",25766.7993841674,21222.1089747475,0,0,6,5,"subNo","MusicDriver"
29,"Female",21870.1937093833,18224.5973004282,0,1,6,4,"subNo","MusicDriver"
26,"Male",49509.1743005425,17576.5203420338,0,1,5,5,"subNo","MusicDriver"
27,"Male",23407.2183654432,18064.2904854916,0,0,5,5,"subNo","MusicDriver"
27,"Male",23443.6052753672,19586.0352815255,0,1,6,5,"subNo","MusicDriver"
27,"Male",29622.546640835,19393.2267732013,0,1,5,5,"subNo","MusicDriver"
23,"Female",20528.4022894493,18519.4167040225,0,1,6,5,"subYes","MusicDriver"
25,"Male",34214.807951125,14515.5329333895,0,0,6,5,"subNo","MusicDriver"
24,"Male",37679.5206328574,16902.8851789147,0,1,5,6,"subNo","MusicDriver"
24,"Female",28904.2185369006,18026.295899175,0,1,5,5,"subNo","MusicDriver"
25,"Female",37916.4141153461,20782.3954001185,0,1,4,5,"subNo","MusicDriver"
22,"Female",29847.6487175325,15563.0711087295,0,1,5,5,"subYes","MusicDriver"
26,"Male",26575.7427505959,17807.1136626551,0,0,5,6,"subNo","MusicDriver"
26,"Male",12132.6622809179,20365.4800346234,0,1,6,5,"subNo","MusicDriver"
25,"Female",13359.5839299819,17253.1389974091,0,1,5,5,"subNo","MusicDriver"
27,"Male",23709.1712511926,22303.1677698583,0,1,5,5,"subNo","MusicDriver"
23,"Male",24945.6098381254,19122.8419082972,0,1,4,3,"subYes","MusicDriver"
24,"Female",35698.0898372989,22077.8452832476,0,1,4,5,"subYes","MusicDriver"
26,"Male",26610.6258211573,16964.1724186822,0,1,5,5,"subNo","MusicDriver"
26,"Female",26873.3773494298,18417.0327340607,0,1,6,5,"subYes","MusicDriver"
25,"Female",21000.5932542372,20536.9204359612,0,0,6,5,"subNo","MusicDriver"
24,"Female",27906.3349055693,17545.092371704,0,1,5,5,"subNo","MusicDriver"
27,"Male",31270.7058348793,16089.3676676114,0,1,6,5,"subYes","MusicDriver"
25,"Male",35556.3184304942,19634.4239253309,0,0,6,6,"subYes","MusicDriver"
25,"Female",22190.5953697767,14687.0009379174,0,0,5,5,"subNo","MusicDriver"
24,"Female",40565.1930138002,21360.2410015989,0,1,6,4,"subNo","MusicDriver"
30,"Male",33279.4218135164,18560.6313036338,0,0,6,5,"subYes","MusicDriver"
28,"Male",36494.7308244613,16070.5386821212,0,1,6,5,"subYes","MusicDriver"
24,"Female",22955.7527456829,15656.5424361737,0,1,5,4,"subNo","MusicDriver"
28,"Male",30714.1695166547,18911.9816243097,0,1,5,5,"subNo","MusicDriver"
27,"Male",34255.8811784837,18736.552799825,0,1,5,4,"subNo","MusicDriver"
28,"Female",25589.8078274014,21341.7372366098,0,1,7,4,"subNo","MusicDriver"
26,"Female",31567.7072073808,24358.3318726332,0,1,5,5,"subNo","MusicDriver"
28,"Female",24571.1835089726,18299.3562407744,0,1,7,4,"subNo","MusicDriver"
27,"Male",17848.0506256791,19090.718951903,0,1,6,5,"subNo","MusicDriver"
26,"Female",25917.11318668,18300.0693093095,0,1,6,6,"subNo","MusicDriver"
28,"Male",30436.1245889951,19793.3197307471,0,1,5,5,"subNo","MusicDriver"
27,"Female",34804.6005610594,18798.053337842,0,0,4,5,"subNo","MusicDriver"
23,"Female",36569.115381616,21232.7938868709,0,1,6,4,"subNo","MusicDriver"
28,"Male",29240.7376436401,22984.0859407845,0,0,5,5,"subNo","MusicDriver"
25,"Male",35532.5512203554,17658.9102986874,0,1,5,4,"subYes","MusicDriver"
27,"Male",31762.6282331263,18715.7214911765,0,1,5,6,"subNo","MusicDriver"
26,"Male",24332.4909517328,22246.1764901671,0,1,5,4,"subNo","MusicDriver"
25,"Female",31541.0114913814,17404.3579439668,0,0,5,6,"subNo","MusicDriver"
25,"Male",31383.5144989277,19111.3559904367,0,0,5,5,"subNo","MusicDriver"
27,"Male",27249.4393029724,19721.8676344605,0,1,6,5,"subNo","MusicDriver"
26,"Male",32023.2672526749,21865.7437084926,0,1,7,5,"subNo","MusicDriver"
30,"Female",33939.9171548043,18751.1245813273,0,1,6,6,"subNo","MusicDriver"
28,"Male",25872.1678807304,18143.4557284243,0,1,7,6,"subNo","MusicDriver"
30,"Male",37017.0117715895,18475.6695865828,0,1,6,5,"subYes","MusicDriver"
25,"Female",32651.1714075059,21990.0895529383,0,1,5,5,"subNo","MusicDriver"
25,"Male",33831.0513788651,17794.602896966,0,1,4,4,"subNo","MusicDriver"
26,"Female",20844.3028064751,17681.5867405329,0,1,6,4,"subNo","MusicDriver"
25,"Female",43322.9452371073,18676.7901202509,0,1,5,5,"subNo","MusicDriver"
26,"Female",24105.85543139,16746.1332450651,0,1,5,5,"subYes","MusicDriver"
25,"Male",33685.605053158,16533.9083545586,0,1,6,5,"subNo","MusicDriver"
26,"Male",28525.6580672163,18813.3209256981,0,1,5,6,"subNo","MusicDriver"
27,"Male",26632.5377232278,16338.3113426739,0,1,5,3,"subNo","MusicDriver"
29,"Male",16326.6101337905,19426.5093713277,0,1,7,5,"subNo","MusicDriver"
28,"Female",39053.5591766225,19870.7481650088,0,1,6,4,"subNo","MusicDriver"
24,"Male",22903.9279081796,20060.8986314067,0,1,6,5,"subYes","MusicDriver"
26,"Female",20697.9577433843,15492.0024728092,0,1,6,5,"subNo","MusicDriver"
29,"Male",38730.7896906292,17530.8073986633,0,1,7,5,"subYes","MusicDriver"
24,"Female",32738.4780679626,19893.0894311383,0,1,5,5,"subNo","MusicDriver"
27,"Female",42221.176903776,18369.1710038592,0,1,5,4,"subNo","MusicDriver"
26,"Female",30124.1909475477,16880.1394837558,0,1,6,5,"subNo","MusicDriver"
27,"Male",30293.7189857054,16383.8628569331,0,1,6,7,"subNo","MusicDriver"
25,"Male",26510.8921788855,21107.6971107878,0,0,5,6,"subYes","MusicDriver"
26,"Male",33991.222261496,18844.4683779786,0,1,5,3,"subNo","MusicDriver"
29,"Male",31685.3223417183,20354.2866252052,0,1,6,6,"subNo","MusicDriver"
27,"Male",30406.1241254046,20559.4052966436,0,1,5,5,"subYes","MusicDriver"
27,"Male",19068.3601583873,22202.8470102127,0,1,5,5,"subNo","MusicDriver"
25,"Male",21159.5673089439,17009.4689368407,0,1,5,5,"subNo","MusicDriver"
26,"Male",25922.0382086407,21738.7534251178,0,1,6,5,"subNo","MusicDriver"
28,"Female",16607.3663307512,19267.552050265,0,1,4,5,"subNo","MusicDriver"
29,"Male",15006.9970327174,17932.3486250667,0,1,4,4,"subNo","MusicDriver"
29,"Female",33144.872190413,20409.1887426855,0,0,5,4,"subNo","MusicDriver"
26,"Female",24944.195266268,24280.4195581827,0,1,6,4,"subNo","MusicDriver"
25,"Male",30934.4227933659,21168.693673795,0,1,6,5,"subNo","MusicDriver"
28,"Female",32809.8734684129,19394.2341302395,0,0,6,6,"subYes","MusicDriver"
27,"Male",27694.6704947613,16999.4586341867,0,1,6,5,"subNo","MusicDriver"
28,"Male",12080.2813728026,18400.6430391578,0,1,4,4,"subNo","MusicDriver"
25,"Female",38570.4948491164,23435.1158026059,0,1,6,4,"subNo","MusicDriver"
23,"Male",27183.9737331159,22667.3244975669,0,1,6,5,"subNo","MusicDriver"
29,"Male",36255.7392745715,19450.4392459854,0,1,6,4,"subNo","MusicDriver"
24,"Male",16622.3825801496,21172.1590532464,0,1,6,5,"subNo","MusicDriver"
24,"Male",37875.497287693,17578.8098903573,0,1,5,6,"subNo","MusicDriver"
26,"Female",32145.4440659934,19953.0699132438,0,1,5,5,"subNo","MusicDriver"
24,"Male",28853.7367488612,18828.0630552562,0,0,5,4,"subNo","MusicDriver"
29,"Male",28780.5775989044,19637.4522611867,0,1,5,5,"subNo","MusicDriver"
25,"Male",26355.961963283,19171.1025860396,0,0,6,6,"subNo","MusicDriver"
26,"Female",18805.1443205588,18503.3913638698,0,1,5,3,"subNo","MusicDriver"
29,"Male",29516.8466801636,19938.4219365558,0,0,6,7,"subNo","MusicDriver"
29,"Female",32969.0873321535,17502.9413298762,0,1,5,5,"subNo","MusicDriver"
28,"Female",18084.4604360273,20396.1943945751,0,1,5,5,"subNo","MusicDriver"
28,"Male",22399.5236343054,18330.9719171868,0,1,7,5,"subNo","MusicDriver"
30,"Male",28360.490327965,14159.7609653593,0,0,6,6,"subNo","MusicDriver"
23,"Female",23995.6691269471,23906.892002756,0,0,6,4,"subNo","MusicDriver"
28,"Female",27162.1344755571,18386.6572405647,0,1,6,4,"subNo","MusicDriver"
24,"Male",26567.4298223935,23529.361853951,0,1,7,5,"subYes","MusicDriver"
25,"Male",48863.2572654008,24358.6350001215,0,1,6,6,"subNo","MusicDriver"
24,"Male",26927.6989075277,20987.7390620324,0,1,4,5,"subNo","MusicDriver"
24,"Male",24086.2316457958,17728.7949993237,0,1,6,5,"subNo","MusicDriver"
25,"Male",27607.5930199232,21245.9668045469,0,1,6,6,"subNo","MusicDriver"
24,"Female",24025.370931443,18741.1599627881,0,1,5,5,"subYes","MusicDriver"
40,"Male",58169.3735511012,57952.751731672,1,1,5,3,"subNo","LongDistance"
47,"Male",53636.5707743525,46925.1422691695,0,1,6,4,"subYes","LongDistance"
45,"Male",60716.9922138513,53892.0662326449,1,1,5,5,"subNo","LongDistance"
43,"Male",51744.8198548244,52384.8983061885,3,1,5,5,"subNo","LongDistance"
45,"Male",57285.5029929373,54111.1239946905,2,1,6,5,"subYes","LongDistance"
43,"Male",62547.6041517211,64463.3391833417,2,1,5,5,"subNo","LongDistance"
44,"Male",68274.6169751772,54274.6021785154,2,1,5,6,"subYes","LongDistance"
46,"Male",62170.700807918,49315.5314309662,2,1,5,5,"subNo","LongDistance"
45,"Female",65005.7377624408,52335.3852403362,1,1,5,4,"subNo","LongDistance"
43,"Female",52920.7410236286,62014.7676957245,0,1,4,5,"subNo","LongDistance"
38,"Male",56589.3796634682,62516.9105458983,0,1,7,4,"subNo","LongDistance"
46,"Male",63149.6350476647,51084.0713411083,0,1,4,3,"subNo","LongDistance"
40,"Female",55713.0071403403,46723.3671207437,0,1,5,4,"subYes","LongDistance"
49,"Male",63138.7394439636,60384.7699071047,1,1,5,4,"subYes","LongDistance"
52,"Male",60595.0175323015,48302.4411822045,1,1,6,5,"subYes","LongDistance"
46,"Male",57948.6946524702,53356.2116488768,1,1,4,5,"subNo","LongDistance"
40,"Male",63830.0545526024,56991.9112488644,1,1,7,4,"subNo","LongDistance"
47,"Male",57227.3750596945,59132.9627910284,4,1,7,5,"subYes","LongDistance"
44,"Male",63377.1767821486,47236.4199237361,2,1,5,5,"subNo","LongDistance"
49,"Male",57196.6404179304,45222.8728623901,1,1,5,3,"subNo","LongDistance"
39,"Female",58357.2190957025,54331.5144622042,3,1,5,4,"subYes","LongDistance"
42,"Male",59800.7309132424,54401.9832865281,0,1,5,6,"subYes","LongDistance"
40,"Male",64926.9715443121,43225.7481163469,0,1,6,5,"subNo","LongDistance"
44,"Male",52838.4065435139,57067.5858919154,1,1,5,3,"subNo","LongDistance"
49,"Male",62055.4549706087,50057.1243771723,3,1,6,4,"subNo","LongDistance"
42,"Male",50221.6925322953,60861.2117266035,2,1,6,3,"subNo","LongDistance"
44,"Female",63852.0801092234,49243.068754522,0,1,6,4,"subNo","LongDistance"
43,"Male",58147.5551720762,52010.7654397679,0,1,4,3,"subNo","LongDistance"
42,"Female",54936.2188228112,43337.5873803662,0,1,4,4,"subYes","LongDistance"
45,"Male",51368.9170348603,55695.5710625256,0,1,5,4,"subYes","LongDistance"
45,"Male",54818.1907871916,47698.7027727823,2,1,5,4,"subNo","LongDistance"
39,"Male",63200.4765743875,51314.9207206436,3,1,5,5,"subNo","LongDistance"
42,"Female",60110.6144861506,54930.159674013,1,1,6,5,"subNo","LongDistance"
42,"Male",61802.3267209441,52703.4520317626,1,1,5,5,"subYes","LongDistance"
36,"Male",58564.2885334579,58939.0272473365,2,1,5,4,"subNo","LongDistance"
47,"Male",63992.6887766355,47599.2845491386,1,1,6,4,"subYes","LongDistance"
36,"Female",61535.1992071527,59839.1302332172,1,1,6,4,"subNo","LongDistance"
42,"Male",61230.5686494441,63570.2521280502,0,1,6,4,"subNo","LongDistance"
48,"Male",59938.5962952854,46571.9866428836,0,1,5,3,"subNo","LongDistance"
38,"Male",63769.1540323198,56480.386972835,3,1,6,4,"subNo","LongDistance"
42,"Female",60072.3931627951,52382.9157513158,1,1,6,4,"subNo","LongDistance"
41,"Male",54717.3581890938,48053.431686078,1,1,6,5,"subYes","LongDistance"
47,"Male",51508.5621063281,56528.3779606985,1,1,5,4,"subNo","LongDistance"
34,"Male",52741.9738801969,49233.5487953598,3,1,5,3,"subNo","LongDistance"
42,"Male",63227.0821244571,59440.0794119774,0,1,6,3,"subYes","LongDistance"
41,"Male",55770.4795696105,39546.3403256733,3,1,6,4,"subNo","LongDistance"
46,"Female",69164.7426152549,50755.4407252106,0,1,4,4,"subYes","LongDistance"
48,"Male",60916.5548058499,61650.4901252465,0,1,6,4,"subNo","LongDistance"
47,"Male",62350.5536486166,56762.3922706628,1,1,6,4,"subNo","LongDistance"
40,"Male",59850.9801654546,49544.3619076032,1,1,6,5,"subNo","LongDistance"
