"age","gender","income","kids","ownHome","subscribe","Segment"
47.3161331006745,"Female",49482.8104378022,2,"ownNo","subNo","Suburb mix"
31.3868389017572,"Female",35546.2883001383,1,"ownYes","subNo","Suburb mix"
43.2003422354991,"Female",44169.1863767717,0,"ownYes","subNo","Suburb mix"
37.3169950259616,"Male",81041.986385344,1,"ownNo","subNo","Suburb mix"
40.9543898846549,"Male",79353.0144428184,3,"ownYes","subNo","Suburb mix"
43.0338652640446,"Female",58143.3633220434,4,"ownYes","subNo","Suburb mix"
37.5569646409035,"Female",19282.2306219271,3,"ownNo","subNo","Suburb mix"
28.4512853208102,"Female",47245.2384700995,0,"ownNo","subNo","Suburb mix"
44.2026812925935,"Male",48332.519771933,1,"ownNo","subNo","Suburb mix"
35.1516687956131,"Male",52567.8902576842,0,"ownYes","subNo","Suburb mix"
47.6109682990162,"Female",47917.5632358862,0,"ownYes","subNo","Suburb mix"
37.5803577372797,"Male",65767.4782922541,0,"ownNo","subNo","Suburb mix"
33.2155602683253,"Male",69337.6563043218,2,"ownNo","subNo","Suburb mix"
43.1810912604179,"Female",57200.1456411947,3,"ownYes","subNo","Suburb mix"
39.3574845548053,"Female",47099.7735756005,1,"ownYes","subNo","Suburb mix"
42.0305551887344,"Female",57036.8373301389,3,"ownYes","subNo","Suburb mix"
41.9618930527139,"Male",53127.0588275019,0,"ownYes","subNo","Suburb mix"
43.9813638954073,"Male",41254.8042913081,0,"ownYes","subNo","Suburb mix"
37.6190510198485,"Male",63528.4749496192,1,"ownYes","subNo","Suburb mix"
32.4121456550695,"Male",52649.5371836263,2,"ownYes","subYes","Suburb mix"
47.9415402637516,"Male",48197.8083458865,1,"ownYes","subNo","Suburb mix"
36.7016174985026,"Male",46163.3833188113,6,"ownYes","subNo","Suburb mix"
30.4770539301201,"Female",44151.930888579,2,"ownNo","subNo","Suburb mix"
38.3201001876649,"Male",56128.0088360211,2,"ownYes","subNo","Suburb mix"
32.7270245596938,"Male",62519.8907870126,4,"ownYes","subNo","Suburb mix"
40.4254938147073,"Male",51195.9683783201,1,"ownYes","subNo","Suburb mix"
26.8654552187143,"Female",59440.8740719398,2,"ownNo","subNo","Suburb mix"
44.5025904534483,"Female",57362.5902217927,0,"ownNo","subNo","Suburb mix"
35.1689568315184,"Male",56112.1227832357,1,"ownNo","subNo","Suburb mix"
39.6193178304253,"Male",76488.6996715437,2,"ownNo","subNo","Suburb mix"
53.5581411220232,"Female",65717.4307325919,1,"ownNo","subNo","Suburb mix"
43.110858140313,"Male",45175.3561767834,3,"ownNo","subNo","Suburb mix"
37.1611943558849,"Female",49943.1184214333,1,"ownYes","subNo","Suburb mix"
36.8421195293145,"Female",60040.7919043144,4,"ownNo","subNo","Suburb mix"
45.2754202115479,"Male",65169.5771918402,0,"ownNo","subNo","Suburb mix"
34.4558227227302,"Female",46765.3105381949,1,"ownNo","subNo","Suburb mix"
43.5551437663333,"Female",61291.8146655005,3,"ownYes","subNo","Suburb mix"
42.6874876470901,"Male",49392.6699351557,1,"ownNo","subNo","Suburb mix"
33.1510571478289,"Male",30769.5507467553,2,"ownYes","subNo","Suburb mix"
40.5812336218601,"Male",59804.9327058118,2,"ownYes","subNo","Suburb mix"
44.5456027360536,"Female",52648.8944132029,2,"ownYes","subNo","Suburb mix"
29.9960566788285,"Male",54260.2017843883,3,"ownNo","subNo","Suburb mix"
41.4038151586094,"Female",49741.6173585756,2,"ownYes","subNo","Suburb mix"
42.7547019836543,"Female",71992.0984508587,1,"ownNo","subNo","Suburb mix"
45.8625898429632,"Female",51918.2467853703,1,"ownNo","subNo","Suburb mix"
33.5920917872163,"Female",55377.8222323726,1,"ownNo","subNo","Suburb mix"
38.6671237563827,"Male",67502.1247838015,3,"ownYes","subNo","Suburb mix"
39.7431590942947,"Male",67932.8487708119,1,"ownNo","subNo","Suburb mix"
47.1027442034031,"Male",46714.9353023759,3,"ownNo","subNo","Suburb mix"
41.4894377212521,"Female",28270.1539695448,2,"ownYes","subNo","Suburb mix"
37.0245548148493,"Male",73304.4268406473,2,"ownYes","subNo","Suburb mix"
40.3405824174751,"Female",58037.9194357244,2,"ownYes","subNo","Suburb mix"
33.9632234293828,"Male",55847.4111270778,6,"ownYes","subYes","Suburb mix"
43.39354773858,"Female",62190.8436469325,3,"ownNo","subNo","Suburb mix"
42.0781018867173,"Male",52813.2367183536,4,"ownYes","subNo","Suburb mix"
45.4772148402987,"Female",51578.9315043458,4,"ownNo","subNo","Suburb mix"
36.8803293584997,"Female",54140.7913131625,1,"ownYes","subNo","Suburb mix"
34.4652773514591,"Female",60971.7595992783,2,"ownNo","subNo","Suburb mix"
34.7322120939508,"Female",27670.2186592407,1,"ownNo","subNo","Suburb mix"
41.2095872886106,"Female",59138.2370581565,3,"ownNo","subNo","Suburb mix"
40.0336776370682,"Male",46748.8664882033,1,"ownNo","subNo","Suburb mix"
49.0315796483661,"Female",57948.6189737732,1,"ownNo","subNo","Suburb mix"
41.5264855999893,"Male",40776.8761320867,3,"ownNo","subNo","Suburb mix"
36.3884088885744,"Male",49348.1788870206,1,"ownNo","subNo","Suburb mix"
46.2089182914936,"Female",68636.4557921889,1,"ownNo","subYes","Suburb mix"
40.0866612934084,"Male",61386.5003583577,2,"ownNo","subNo","Suburb mix"
38.9189302243975,"Male",39588.2796997143,1,"ownNo","subNo","Suburb mix"
32.7928858889286,"Male",72675.4162314298,3,"ownYes","subNo","Suburb mix"
32.3286919046831,"Male",56246.7084053802,2,"ownNo","subNo","Suburb mix"
43.0639077386554,"Female",59188.6142585915,1,"ownNo","subNo","Suburb mix"
36.2237616591053,"Male",53428.0641047553,1,"ownNo","subNo","Suburb mix"
39.8191026278407,"Male",70379.2582248961,2,"ownYes","subNo","Suburb mix"
49.2216836457143,"Male",38400.5647952483,1,"ownYes","subNo","Suburb mix"
41.5414358138968,"Female",51412.5561886151,1,"ownNo","subNo","Suburb mix"
32.8330871516442,"Female",53166.7449308705,4,"ownYes","subNo","Suburb mix"
33.1490702791548,"Female",85290.5086947677,4,"ownNo","subNo","Suburb mix"
44.3263645470689,"Female",46079.0635448887,1,"ownNo","subNo","Suburb mix"
39.4320456528255,"Female",60008.6669346822,3,"ownNo","subNo","Suburb mix"
42.3133743615468,"Female",49674.7881555613,0,"ownYes","subNo","Suburb mix"
39.5830575579017,"Female",49815.6707818194,1,"ownYes","subNo","Suburb mix"
47.8803629165229,"Male",79544.1969674582,1,"ownYes","subNo","Suburb mix"
37.6579429401316,"Male",52289.0547574023,3,"ownNo","subNo","Suburb mix"
43.0110138410264,"Male",66932.7264043687,1,"ownYes","subNo","Suburb mix"
34.2816075743912,"Female",49346.7007962596,2,"ownYes","subYes","Suburb mix"
36.4528047320818,"Female",66274.9978292267,1,"ownNo","subNo","Suburb mix"
35.8720450213922,"Female",39442.7177107063,1,"ownNo","subNo","Suburb mix"
45.347416033762,"Male",47002.8360596545,1,"ownYes","subNo","Suburb mix"
44.2169474030884,"Male",42339.1332268302,5,"ownNo","subNo","Suburb mix"
41.8957046360127,"Male",58871.4752626021,3,"ownNo","subYes","Suburb mix"
39.6346506602243,"Female",76184.6652543762,2,"ownYes","subNo","Suburb mix"
45.1905319653,"Female",68937.1991235778,5,"ownYes","subNo","Suburb mix"
48.3471810623189,"Male",63683.9618691843,2,"ownYes","subNo","Suburb mix"
40.132058402187,"Female",57134.9391540512,0,"ownNo","subNo","Suburb mix"
40.9555385027819,"Female",60770.5726089868,3,"ownNo","subNo","Suburb mix"
45.4801316537345,"Female",53416.8574877337,3,"ownYes","subYes","Suburb mix"
40.7438284582638,"Female",44890.704042027,5,"ownYes","subNo","Suburb mix"
36.6092282083784,"Male",58891.1509069091,2,"ownYes","subNo","Suburb mix"
36.4600217371501,"Male",57985.5501108693,1,"ownNo","subNo","Suburb mix"
45.9235225644959,"Female",56015.7432700149,3,"ownYes","subNo","Suburb mix"
42.5279912771089,"Female",29257.5668187161,1,"ownNo","subNo","Suburb mix"
24.737963439442,"Female",18457.8478804086,1,"ownNo","subYes","Urban hip"
26.102223213956,"Female",26487.8251690791,1,"ownNo","subYes","Urban hip"
23.2567095034683,"Female",11985.2491740731,1,"ownNo","subNo","Urban hip"
21.3626714204227,"Female",16646.478704297,3,"ownNo","subNo","Urban hip"
23.4958269384537,"Female",17784.5689109545,1,"ownNo","subNo","Urban hip"
23.4439480027942,"Female",23886.4666138707,1,"ownNo","subNo","Urban hip"
23.1901294012292,"Female",17510.2759578819,1,"ownNo","subYes","Urban hip"
21.2403538293406,"Female",18419.2504701454,1,"ownYes","subYes","Urban hip"
22.1120229238193,"Female",21107.3687370218,0,"ownNo","subNo","Urban hip"
23.0143711857292,"Female",25506.1915758617,2,"ownNo","subNo","Urban hip"
23.383130946306,"Male",21698.819574712,3,"ownNo","subNo","Urban hip"
24.3015074884999,"Female",23843.5090047963,0,"ownNo","subNo","Urban hip"
24.2427231239648,"Female",15493.4029592113,1,"ownNo","subNo","Urban hip"
20.7125917288969,"Female",22517.205882629,3,"ownNo","subNo","Urban hip"
26.9251362396012,"Female",25210.86816994,0,"ownNo","subNo","Urban hip"
23.3306279145337,"Female",17382.0136831105,4,"ownNo","subNo","Urban hip"
23.8271144791415,"Male",22760.1756217969,0,"ownNo","subNo","Urban hip"
23.8592639361832,"Male",18118.8647515897,1,"ownYes","subNo","Urban hip"
24.6862494155987,"Female",32191.1487823517,1,"ownNo","subNo","Urban hip"
25.5844203901446,"Female",23812.1453486287,2,"ownYes","subNo","Urban hip"
24.6992255514393,"Male",12544.6837140052,1,"ownNo","subYes","Urban hip"
23.2741354633927,"Male",22402.7339538771,0,"ownYes","subNo","Urban hip"
26.7202761297909,"Female",23996.5067354796,1,"ownNo","subNo","Urban hip"
22.3033298493521,"Male",24541.2443898812,1,"ownNo","subNo","Urban hip"
24.9767827398963,"Female",22905.3596493458,2,"ownYes","subNo","Urban hip"
23.7229508321349,"Female",22014.3735599167,0,"ownNo","subNo","Urban hip"
23.7651010359804,"Female",20297.1185794427,0,"ownNo","subNo","Urban hip"
21.8073682130235,"Female",27807.2395002086,2,"ownNo","subYes","Urban hip"
22.7596515045042,"Male",15910.5360411069,0,"ownNo","subYes","Urban hip"
22.2245913602884,"Male",20222.0214392999,2,"ownYes","subYes","Urban hip"
23.9775615355105,"Female",18106.8369383907,0,"ownNo","subNo","Urban hip"
25.2019542158791,"Male",22102.8352178234,2,"ownNo","subNo","Urban hip"
25.9390285170228,"Male",17366.8618025148,0,"ownNo","subNo","Urban hip"
21.0028932990953,"Male",27244.1731045436,1,"ownNo","subNo","Urban hip"
27.6270634336564,"Female",22179.1780862388,1,"ownNo","subNo","Urban hip"
23.0886097332029,"Female",33909.4969852548,3,"ownNo","subNo","Urban hip"
24.8897070050089,"Female",23326.4486386503,2,"ownNo","subYes","Urban hip"
21.4934799462583,"Male",17082.7435630979,2,"ownNo","subNo","Urban hip"
28.329096508412,"Male",31284.8544972897,2,"ownYes","subNo","Urban hip"
25.1512910349784,"Female",17757.6681990845,1,"ownNo","subNo","Urban hip"
25.1770317945623,"Male",20125.7985630986,2,"ownNo","subYes","Urban hip"
24.8169471325823,"Male",23839.4836233174,0,"ownNo","subNo","Urban hip"
22.3407504710923,"Female",16341.0906071427,0,"ownNo","subNo","Urban hip"
22.4343300303234,"Female",24533.9309765169,2,"ownYes","subNo","Urban hip"
24.7949730583346,"Male",25841.2453101756,0,"ownYes","subNo","Urban hip"
19.2599318449186,"Male",18592.9616380783,0,"ownNo","subNo","Urban hip"
25.9461676447649,"Male",12406.0997338184,0,"ownNo","subNo","Urban hip"
25.6568606638909,"Female",28329.0209764062,1,"ownNo","subNo","Urban hip"
23.4990897280527,"Male",27211.8266509716,0,"ownNo","subNo","Urban hip"
24.5405191344609,"Male",23052.3353626883,0,"ownYes","subNo","Urban hip"
56.3229550958135,"Male",91509.2454497245,0,"ownYes","subNo","Travelers"
64.4588955366139,"Female",61052.0773745683,0,"ownYes","subNo","Travelers"
45.9252171740418,"Female",-5183.35424255222,0,"ownYes","subNo","Travelers"
57.002772259688,"Male",68364.6297612931,0,"ownNo","subNo","Travelers"
68.0582759175783,"Male",25772.2414123234,0,"ownYes","subNo","Travelers"
66.8969134992035,"Female",54060.5906223448,0,"ownYes","subNo","Travelers"
66.1897447091499,"Male",66616.4021528072,0,"ownYes","subNo","Travelers"
43.3523031697194,"Female",51787.8842410346,0,"ownNo","subNo","Travelers"
75.913580550812,"Male",23968.1071881143,0,"ownYes","subNo","Travelers"
60.6942344200591,"Female",-693.998915225195,0,"ownYes","subNo","Travelers"
52.4149553110285,"Male",50531.7187004201,0,"ownYes","subNo","Travelers"
53.6755726528925,"Male",85769.6372526928,0,"ownYes","subNo","Travelers"
55.8411605518849,"Female",75456.8034231858,0,"ownYes","subNo","Travelers"
53.3217281537062,"Female",72314.9975794691,0,"ownYes","subNo","Travelers"
51.4832404603589,"Female",36907.6333074456,0,"ownYes","subNo","Travelers"
65.9521636241493,"Male",46832.3648900042,0,"ownYes","subNo","Travelers"
62.0824214632721,"Female",94845.253077876,0,"ownYes","subNo","Travelers"
45.510757312427,"Male",50337.3613140346,0,"ownYes","subNo","Travelers"
57.3667201718524,"Male",58287.2034544183,0,"ownYes","subNo","Travelers"
50.413077230395,"Female",60738.5930349509,0,"ownYes","subNo","Travelers"
64.8514381232668,"Male",78231.3344771732,0,"ownYes","subNo","Travelers"
49.4337895228501,"Female",61153.431613519,0,"ownNo","subYes","Travelers"
64.7064051694473,"Female",45517.1450769463,0,"ownNo","subYes","Travelers"
70.6040465822877,"Female",48697.1456496712,0,"ownNo","subNo","Travelers"
41.5173686624479,"Female",39379.3518335787,0,"ownYes","subNo","Travelers"
57.1753360875203,"Female",47529.0856732098,0,"ownYes","subNo","Travelers"
51.1843225267172,"Female",61453.2039807924,0,"ownYes","subNo","Travelers"
62.3461535229571,"Male",48371.3625593374,0,"ownYes","subNo","Travelers"
62.4707927392485,"Female",68895.3069998346,0,"ownYes","subNo","Travelers"
57.3956684383977,"Male",37797.9067792906,0,"ownYes","subNo","Travelers"
55.152290750232,"Male",96508.8939156899,0,"ownYes","subNo","Travelers"
55.7686147080729,"Male",55318.2210741976,0,"ownYes","subNo","Travelers"
57.7900592320144,"Male",105537.821591503,0,"ownYes","subNo","Travelers"
68.0514831943327,"Female",104312.44501305,0,"ownYes","subNo","Travelers"
50.5074880249775,"Male",48946.0733525383,0,"ownYes","subYes","Travelers"
48.849911306905,"Male",59075.1193340183,0,"ownNo","subNo","Travelers"
58.6079437238872,"Male",60168.2825099167,0,"ownYes","subNo","Travelers"
56.4212069920839,"Male",64723.6017493344,0,"ownYes","subNo","Travelers"
58.318548481502,"Female",86776.8179147849,0,"ownYes","subNo","Travelers"
39.0887937672776,"Male",77424.6476215087,0,"ownYes","subNo","Travelers"
68.0599024354201,"Male",51535.1139978854,0,"ownNo","subNo","Travelers"
61.136505926065,"Female",72646.7373217843,0,"ownYes","subNo","Travelers"
63.8997217477849,"Female",50749.3893364359,0,"ownNo","subNo","Travelers"
50.8371572871703,"Female",42467.3689239172,0,"ownYes","subYes","Travelers"
44.0378108640672,"Female",51354.4811129986,0,"ownYes","subNo","Travelers"
46.142941017923,"Female",77294.7603197207,0,"ownYes","subNo","Travelers"
50.3220116731097,"Male",62286.3155842483,0,"ownYes","subNo","Travelers"
53.3665135467025,"Female",60976.5295167416,0,"ownYes","subNo","Travelers"
57.505542583042,"Female",79570.0474144247,0,"ownYes","subYes","Travelers"
61.3271515651911,"Male",15346.6800573171,0,"ownYes","subNo","Travelers"
62.7630240570424,"Male",46587.2163266518,0,"ownYes","subNo","Travelers"
64.6333759736009,"Female",113456.797313926,0,"ownNo","subNo","Travelers"
44.9146619695635,"Female",63595.4751960642,0,"ownYes","subNo","Travelers"
59.0744884249022,"Male",78870.6608287911,0,"ownYes","subYes","Travelers"
51.3372931461496,"Male",78019.7152233025,0,"ownNo","subNo","Travelers"
68.0491584447316,"Male",69075.44941649,0,"ownNo","subNo","Travelers"
66.4085591288035,"Male",101173.557188013,0,"ownYes","subNo","Travelers"
60.9689318963669,"Female",60930.7442493327,0,"ownYes","subNo","Travelers"
60.5648706931235,"Female",62932.798574083,0,"ownNo","subNo","Travelers"
47.7769489250721,"Male",92431.4551190837,0,"ownYes","subNo","Travelers"
54.2937554628695,"Female",45947.0295481575,0,"ownYes","subNo","Travelers"
51.7069732567486,"Male",68450.7529115724,0,"ownNo","subNo","Travelers"
62.3942300517735,"Male",82348.6867286271,0,"ownYes","subNo","Travelers"
52.3916509047909,"Female",49195.3690115638,0,"ownYes","subNo","Travelers"
71.8932636805112,"Male",60279.3325250966,0,"ownYes","subYes","Travelers"
59.6074029451381,"Female",36982.5615971805,0,"ownYes","subNo","Travelers"
51.3571086871893,"Male",71487.6242779881,0,"ownNo","subNo","Travelers"
60.655383024144,"Male",74776.771987831,0,"ownNo","subNo","Travelers"
56.5185683819873,"Female",37604.6674750923,0,"ownNo","subYes","Travelers"
61.5907060037008,"Male",29870.5387041544,0,"ownYes","subNo","Travelers"
78.1972510276144,"Male",24604.4294484988,0,"ownYes","subNo","Travelers"
47.162944927235,"Female",64843.085262072,0,"ownNo","subNo","Travelers"
80.4861787893861,"Female",82076.8295368982,0,"ownYes","subYes","Travelers"
57.2698609387392,"Female",48402.1917850499,0,"ownYes","subYes","Travelers"
58.8594800559802,"Female",114278.255566571,0,"ownYes","subNo","Travelers"
61.1127075258153,"Female",96902.3924187072,0,"ownYes","subNo","Travelers"
55.8664776034887,"Male",58359.6943583591,0,"ownNo","subNo","Travelers"
54.8758880426384,"Male",106430.048316245,0,"ownYes","subNo","Travelers"
61.1227500958312,"Male",72474.458355025,0,"ownNo","subNo","Travelers"
66.0627813553139,"Female",55406.740360499,0,"ownNo","subNo","Travelers"
32.1958513141488,"Male",50595.7769717461,2,"ownYes","subNo","Moving up"
37.8573256887984,"Female",50980.484154139,5,"ownYes","subNo","Moving up"
46.4856998726684,"Male",40590.0810148982,3,"ownNo","subNo","Moving up"
31.1277149438125,"Female",52298.072708399,2,"ownNo","subNo","Moving up"
33.8870065201234,"Female",57663.8607966565,3,"ownNo","subNo","Moving up"
36.3508695065744,"Female",56977.085846303,2,"ownYes","subNo","Moving up"
33.03198968243,"Male",36411.9826139095,0,"ownNo","subNo","Moving up"
37.6209576667878,"Female",46974.9879593612,3,"ownYes","subNo","Moving up"
30.3439614981043,"Female",65233.2556852536,2,"ownNo","subNo","Moving up"
42.906647433178,"Male",58739.3096685521,3,"ownYes","subNo","Moving up"
32.5834842790476,"Male",49509.4299256921,1,"ownYes","subNo","Moving up"
34.2455385998007,"Male",57037.8631865053,1,"ownNo","subYes","Moving up"
36.9733923068563,"Male",53792.4010700851,0,"ownNo","subNo","Moving up"
39.2299914930341,"Male",69947.6029486762,2,"ownNo","subNo","Moving up"
39.4224323394018,"Male",57265.3025841811,0,"ownNo","subNo","Moving up"
38.5370842842658,"Male",49895.1765115768,3,"ownNo","subNo","Moving up"
35.7331681312121,"Male",52953.4123866937,2,"ownYes","subNo","Moving up"
30.7250151173781,"Male",70541.4989272996,4,"ownNo","subNo","Moving up"
43.0019196932943,"Male",66923.6198185964,0,"ownNo","subNo","Moving up"
33.7256339790856,"Female",39678.9515958295,2,"ownNo","subNo","Moving up"
40.707487723487,"Male",54864.7826513752,2,"ownNo","subNo","Moving up"
34.6006304407759,"Male",60045.4723554456,0,"ownYes","subNo","Moving up"
37.7884731313952,"Female",68037.8090973437,4,"ownNo","subNo","Moving up"
34.156816678462,"Male",73797.5015491713,0,"ownNo","subNo","Moving up"
32.5780787285438,"Male",53604.1711598316,3,"ownNo","subNo","Moving up"
39.3315814780632,"Female",52110.4581133447,1,"ownNo","subYes","Moving up"
43.3092921199431,"Male",69549.9337075537,3,"ownNo","subYes","Moving up"
30.8863103381079,"Male",50473.3576363046,3,"ownYes","subYes","Moving up"
33.9996083566226,"Male",61154.5388123559,1,"ownNo","subNo","Moving up"
31.7130622669851,"Male",65688.5287018076,3,"ownNo","subNo","Moving up"
38.5291515455708,"Male",49267.0872846861,2,"ownYes","subYes","Moving up"
28.5899363529842,"Male",29771.9068621233,3,"ownNo","subNo","Moving up"
36.0037515383595,"Female",51829.6230346274,1,"ownNo","subNo","Moving up"
34.1842534542992,"Female",45637.0948677645,1,"ownYes","subNo","Moving up"
39.0529665370181,"Female",53668.8594730121,7,"ownYes","subNo","Moving up"
31.7441128326053,"Male",43413.7198741632,4,"ownNo","subNo","Moving up"
35.895668596833,"Female",62087.1248390843,0,"ownNo","subNo","Moving up"
34.4202090665162,"Male",49235.0166512053,2,"ownNo","subNo","Moving up"
43.1797120532882,"Female",39779.9939948701,0,"ownYes","subNo","Moving up"
38.2814799649271,"Male",41097.1037780155,2,"ownNo","subNo","Moving up"
32.3369110250127,"Male",52776.4212302428,1,"ownYes","subYes","Moving up"
42.0379807134645,"Male",58756.3158402487,2,"ownNo","subNo","Moving up"
38.8747696848103,"Male",44811.7813766437,5,"ownYes","subNo","Moving up"
40.1698998022745,"Male",44125.3993527206,4,"ownYes","subNo","Moving up"
37.4180832521433,"Male",36257.9280538758,1,"ownNo","subNo","Moving up"
39.143198011351,"Male",45347.005384382,1,"ownYes","subYes","Moving up"
29.7630070483327,"Male",50720.2154168085,0,"ownNo","subNo","Moving up"
36.2385982137277,"Male",46540.8764153696,1,"ownNo","subYes","Moving up"
37.24773459458,"Male",50560.1687025062,3,"ownYes","subNo","Moving up"
37.3585601691281,"Male",59663.2801912761,1,"ownNo","subNo","Moving up"
31.6908115496599,"Male",55940.7776290452,3,"ownNo","subNo","Moving up"
34.034536722805,"Male",66007.989411417,3,"ownNo","subNo","Moving up"
36.8975236062694,"Male",39366.9526872137,1,"ownNo","subYes","Moving up"
38.1691540310196,"Male",54509.2541701968,2,"ownNo","subNo","Moving up"
42.3734169968227,"Male",49308.974846061,2,"ownNo","subNo","Moving up"
40.3066846790689,"Male",54740.2792983515,0,"ownYes","subNo","Moving up"
36.2411837296756,"Female",49775.2882826454,1,"ownNo","subYes","Moving up"
35.8258645735181,"Male",41766.2922383033,2,"ownNo","subYes","Moving up"
26.4043603931017,"Male",73240.6227870091,2,"ownNo","subNo","Moving up"
42.4076348556736,"Female",53520.3553277109,1,"ownNo","subNo","Moving up"
35.8806254159672,"Female",66423.7386259767,1,"ownNo","subNo","Moving up"
36.2298897575357,"Male",41192.2798590723,4,"ownNo","subNo","Moving up"
39.5433025915587,"Male",58933.3443268635,2,"ownYes","subYes","Moving up"
35.7996099514094,"Male",52352.6864610644,1,"ownNo","subYes","Moving up"
36.1496415600773,"Female",40522.3919785999,0,"ownYes","subNo","Moving up"
32.9522688588356,"Male",43882.4256144609,0,"ownYes","subNo","Moving up"
40.9625466890412,"Male",64197.0868751401,2,"ownNo","subNo","Moving up"
38.229803985669,"Female",47580.9267770138,0,"ownNo","subYes","Moving up"
33.1703637002568,"Female",60747.3363951277,1,"ownNo","subNo","Moving up"
34.3838778472281,"Female",53674.931370168,5,"ownYes","subNo","Moving up"
